TANUM,VBELN,LGNUM,VORGA,CONFIRM_TS,MENGE_CONF,LENUM,VLPLA,NLPLA,MEINS,BENUM,TASTATUS
0000700001,4500000001,4000,PICK_START,03.07.2025 09:00:00,45,HU816137,A-04-03,A-05-05,PC,OP133,C
0000700002,4500000001,4000,PICK_CONFIRM,03.07.2025 13:51:55,45,HU816137,A-04-03,A-05-05,PC,OP133,C
0000700003,4500000001,4000,PACK_START,03.07.2025 19:08:30,45,HU816137,A-04-03,A-05-05,PC,OP133,C
0000700004,4500000001,4000,PACK_CONFIRM,03.07.2025 22:44:28,45,HU816137,A-04-03,A-05-05,PC,OP133,C
0000700005,4500000001,4000,LOAD,04.07.2025 00:52:54,45,HU816137,A-04-03,A-05-05,PC,OP133,C
0000700006,4500000001,4000,GOODS_ISSUE,04.07.2025 02:47:18,45,HU816137,A-04-03,A-05-05,PC,OP133,C
0000700007,4500000002,1000,PICK_START,30.07.2025 11:00:00,316,HU447300,A-03-02,A-05-04,PC,OP192,C
0000700008,4500000002,1000,PICK_CONFIRM,30.07.2025 16:12:51,316,HU447300,A-03-02,A-05-04,PC,OP192,C
0000700009,4500000002,1000,PACK_START,30.07.2025 18:21:34,316,HU447300,A-03-02,A-05-04,PC,OP192,C
0000700010,4500000002,1000,PACK_CONFIRM,30.07.2025 19:27:20,316,HU447300,A-03-02,A-05-04,PC,OP192,C
0000700011,4500000002,1000,LOAD,30.07.2025 21:24:07,316,HU447300,A-03-02,A-05-04,PC,OP192,C
0000700012,4500000002,1000,GOODS_ISSUE,30.07.2025 22:56:15,316,HU447300,A-03-02,A-05-04,PC,OP192,C
0000700013,4500000003,3000,PICK_START,23.06.2025 08:00:00,76,HU879020,A-05-05,A-04-04,PC,OP235,C
0000700014,4500000003,3000,PICK_CONFIRM,23.06.2025 11:32:51,76,HU879020,A-05-05,A-04-04,PC,OP235,C
0000700015,4500000003,3000,PACK_START,23.06.2025 12:46:59,76,HU879020,A-05-05,A-04-04,PC,OP235,C
0000700016,4500000003,3000,PACK_CONFIRM,23.06.2025 14:06:43,76,HU879020,A-05-05,A-04-04,PC,OP235,C
0000700017,4500000003,3000,LOAD,23.06.2025 16:59:40,76,HU879020,A-05-05,A-04-04,PC,OP235,C
0000700018,4500000003,3000,GOODS_ISSUE,23.06.2025 19:34:43,76,HU879020,A-05-05,A-04-04,PC,OP235,C
0000700019,4500000004,1000,PICK_START,11.07.2025 08:00:00,353,HU734088,A-03-02,A-02-03,PC,OP266,C
0000700020,4500000004,1000,PICK_CONFIRM,11.07.2025 11:16:07,353,HU734088,A-03-02,A-02-03,PC,OP266,C
0000700021,4500000004,1000,PACK_START,11.07.2025 16:38:52,353,HU734088,A-03-02,A-02-03,PC,OP266,C
0000700022,4500000004,1000,PACK_CONFIRM,11.07.2025 18:26:16,353,HU734088,A-03-02,A-02-03,PC,OP266,C
0000700023,4500000004,1000,LOAD,11.07.2025 20:56:23,353,HU734088,A-03-02,A-02-03,PC,OP266,C
0000700024,4500000004,1000,GOODS_ISSUE,11.07.2025 22:17:49,353,HU734088,A-03-02,A-02-03,PC,OP266,C
0000700025,4500000005,2000,PICK_START,24.05.2025 10:00:00,281,HU389351,A-02-02,A-04-04,PC,OP198,C
0000700026,4500000005,2000,PICK_CONFIRM,24.05.2025 12:11:50,281,HU389351,A-02-02,A-04-04,PC,OP198,C
0000700027,4500000005,2000,PACK_START,24.05.2025 16:02:02,281,HU389351,A-02-02,A-04-04,PC,OP198,C
0000700028,4500000005,2000,PACK_CONFIRM,24.05.2025 17:16:13,281,HU389351,A-02-02,A-04-04,PC,OP198,C
0000700029,4500000005,2000,LOAD,24.05.2025 20:27:57,281,HU389351,A-02-02,A-04-04,PC,OP198,C
0000700030,4500000005,2000,GOODS_ISSUE,24.05.2025 23:05:53,281,HU389351,A-02-02,A-04-04,PC,OP198,C
0000700031,4500000006,4000,PICK_START,15.07.2025 13:00:00,113,HU191468,A-01-04,A-01-05,PC,OP261,C
0000700032,4500000006,4000,PICK_CONFIRM,15.07.2025 14:36:18,113,HU191468,A-01-04,A-01-05,PC,OP261,C
0000700033,4500000006,4000,PACK_START,15.07.2025 17:17:43,113,HU191468,A-01-04,A-01-05,PC,OP261,C
0000700034,4500000006,4000,PACK_CONFIRM,15.07.2025 20:03:37,113,HU191468,A-01-04,A-01-05,PC,OP261,C
0000700035,4500000006,4000,LOAD,15.07.2025 21:45:02,113,HU191468,A-01-04,A-01-05,PC,OP261,C
0000700036,4500000006,4000,GOODS_ISSUE,15.07.2025 23:11:28,113,HU191468,A-01-04,A-01-05,PC,OP261,C
0000700037,4500000007,2000,PICK_START,09.05.2025 12:00:00,147,HU878659,A-04-05,A-01-04,PC,OP110,C
0000700038,4500000007,2000,PICK_CONFIRM,09.05.2025 13:57:07,147,HU878659,A-04-05,A-01-04,PC,OP110,C
0000700039,4500000007,2000,PACK_START,09.05.2025 17:06:26,147,HU878659,A-04-05,A-01-04,PC,OP110,C
0000700040,4500000007,2000,PACK_CONFIRM,09.05.2025 19:22:40,147,HU878659,A-04-05,A-01-04,PC,OP110,C
0000700041,4500000007,2000,LOAD,09.05.2025 21:46:44,147,HU878659,A-04-05,A-01-04,PC,OP110,C
0000700042,4500000007,2000,GOODS_ISSUE,10.05.2025 00:14:14,147,HU878659,A-04-05,A-01-04,PC,OP110,C
0000700043,4500000008,2000,PICK_START,18.06.2025 07:00:00,102,HU715054,A-05-01,A-02-02,PC,OP149,C
0000700044,4500000008,2000,PICK_CONFIRM,18.06.2025 08:15:10,102,HU715054,A-05-01,A-02-02,PC,OP149,C
0000700045,4500000008,2000,PACK_START,18.06.2025 13:25:59,102,HU715054,A-05-01,A-02-02,PC,OP149,C
0000700046,4500000008,2000,PACK_CONFIRM,18.06.2025 17:20:24,102,HU715054,A-05-01,A-02-02,PC,OP149,C
0000700047,4500000008,2000,LOAD,18.06.2025 21:07:09,102,HU715054,A-05-01,A-02-02,PC,OP149,C
0000700049,4500000009,1000,PICK_START,11.05.2025 10:00:00,204,HU838889,A-03-05,A-01-04,PC,OP119,C
0000700048,4500000008,2000,GOODS_ISSUE,18.06.2025 23:48:59,102,HU715054,A-05-01,A-02-02,PC,OP149,C
0000700050,4500000009,1000,PICK_CONFIRM,11.05.2025 12:05:18,204,HU838889,A-03-05,A-01-04,PC,OP119,C
0000700051,4500000009,1000,PACK_START,11.05.2025 16:46:01,204,HU838889,A-03-05,A-01-04,PC,OP119,C
0000700052,4500000009,1000,PACK_CONFIRM,11.05.2025 17:57:00,204,HU838889,A-03-05,A-01-04,PC,OP119,C
0000700053,4500000009,1000,LOAD,11.05.2025 19:53:27,204,HU838889,A-03-05,A-01-04,PC,OP119,C
0000700054,4500000009,1000,GOODS_ISSUE,11.05.2025 20:59:28,204,HU838889,A-03-05,A-01-04,PC,OP119,C
0000700055,4500000010,1000,PICK_START,29.05.2025 15:00:00,350,HU673129,A-04-05,A-03-01,PC,OP177,C
0000700056,4500000010,1000,PICK_CONFIRM,29.05.2025 18:49:34,350,HU673129,A-04-05,A-03-01,PC,OP177,C
0000700057,4500000010,1000,PACK_START,29.05.2025 21:07:47,350,HU673129,A-04-05,A-03-01,PC,OP177,C
0000700058,4500000010,1000,PACK_CONFIRM,30.05.2025 00:08:20,350,HU673129,A-04-05,A-03-01,PC,OP177,C
0000700059,4500000010,1000,LOAD,30.05.2025 02:04:54,350,HU673129,A-04-05,A-03-01,PC,OP177,C
0000700060,4500000010,1000,GOODS_ISSUE,30.05.2025 03:36:46,350,HU673129,A-04-05,A-03-01,PC,OP177,C
0000700061,4500000011,1000,PICK_START,14.05.2025 08:00:00,42,HU860585,A-04-01,A-05-05,PC,OP151,C
0000700062,4500000011,1000,PICK_CONFIRM,14.05.2025 11:11:27,42,HU860585,A-04-01,A-05-05,PC,OP151,C
0000700063,4500000011,1000,PACK_START,14.05.2025 13:42:12,42,HU860585,A-04-01,A-05-05,PC,OP151,C
0000700064,4500000011,1000,PACK_CONFIRM,14.05.2025 17:39:18,42,HU860585,A-04-01,A-05-05,PC,OP151,C
0000700065,4500000011,1000,LOAD,14.05.2025 21:04:34,42,HU860585,A-04-01,A-05-05,PC,OP151,C
0000700066,4500000011,1000,GOODS_ISSUE,14.05.2025 23:08:03,42,HU860585,A-04-01,A-05-05,PC,OP151,C
0000700067,4500000012,1000,PICK_START,22.05.2025 06:00:00,385,HU659475,A-05-04,A-01-05,PC,OP111,C
0000700068,4500000012,1000,PICK_CONFIRM,22.05.2025 07:27:41,385,HU659475,A-05-04,A-01-05,PC,OP111,C
0000700069,4500000012,1000,PACK_START,22.05.2025 09:50:41,385,HU659475,A-05-04,A-01-05,PC,OP111,C
0000700070,4500000012,1000,PACK_CONFIRM,22.05.2025 10:51:19,385,HU659475,A-05-04,A-01-05,PC,OP111,C
0000700071,4500000012,1000,LOAD,22.05.2025 14:10:07,385,HU659475,A-05-04,A-01-05,PC,OP111,C
0000700072,4500000012,1000,GOODS_ISSUE,22.05.2025 16:26:35,385,HU659475,A-05-04,A-01-05,PC,OP111,C
0000700073,4500000013,1000,PICK_START,14.07.2025 10:00:00,358,HU234041,A-02-02,A-03-04,PC,OP240,C
0000700074,4500000013,1000,PICK_CONFIRM,14.07.2025 12:49:23,358,HU234041,A-02-02,A-03-04,PC,OP240,C
0000700075,4500000013,1000,PACK_START,14.07.2025 18:41:03,358,HU234041,A-02-02,A-03-04,PC,OP240,C
0000700076,4500000013,1000,PACK_CONFIRM,14.07.2025 19:48:14,358,HU234041,A-02-02,A-03-04,PC,OP240,C
0000700077,4500000013,1000,LOAD,14.07.2025 21:52:38,358,HU234041,A-02-02,A-03-04,PC,OP240,C
0000700078,4500000013,1000,GOODS_ISSUE,15.07.2025 00:14:29,358,HU234041,A-02-02,A-03-04,PC,OP240,C
0000700079,4500000014,2000,PICK_START,03.06.2025 07:00:00,216,HU846169,A-02-04,A-05-05,PC,OP243,C
0000700080,4500000014,2000,PICK_CONFIRM,03.06.2025 09:54:45,216,HU846169,A-02-04,A-05-05,PC,OP243,C
0000700081,4500000014,2000,PACK_CONFIRM,03.06.2025 14:44:12,216,HU846169,A-02-04,A-05-05,PC,OP243,C
0000700082,4500000014,2000,LOAD,03.06.2025 16:20:08,216,HU846169,A-02-04,A-05-05,PC,OP243,C
0000700083,4500000014,2000,GOODS_ISSUE,03.06.2025 19:10:20,216,HU846169,A-02-04,A-05-05,PC,OP243,C
0000700084,4500000015,1000,PICK_START,24.06.2025 10:00:00,400,HU464211,A-03-02,A-03-05,PC,OP261,C
0000700085,4500000015,1000,PICK_CONFIRM,24.06.2025 11:53:34,400,HU464211,A-03-02,A-03-05,PC,OP261,C
0000700086,4500000015,1000,PACK_START,24.06.2025 14:13:12,400,HU464211,A-03-02,A-03-05,PC,OP261,C
0000700087,4500000015,1000,PACK_CONFIRM,24.06.2025 15:32:43,400,HU464211,A-03-02,A-03-05,PC,OP261,C
0000700088,4500000015,1000,LOAD,24.06.2025 17:50:56,400,HU464211,A-03-02,A-03-05,PC,OP261,C
0000700089,4500000015,1000,GOODS_ISSUE,24.06.2025 20:18:22,400,HU464211,A-03-02,A-03-05,PC,OP261,C
0000700090,4500000016,1000,PICK_START,18.07.2025 07:00:00,367,HU852170,A-01-04,A-03-04,PC,OP117,C
0000700091,4500000016,1000,PICK_CONFIRM,18.07.2025 11:35:55,367,HU852170,A-01-04,A-03-04,PC,OP117,C
0000700092,4500000016,1000,PACK_START,18.07.2025 14:08:42,367,HU852170,A-01-04,A-03-04,PC,OP117,C
0000700093,4500000016,1000,PACK_CONFIRM,18.07.2025 16:22:13,367,HU852170,A-01-04,A-03-04,PC,OP117,C
0000700094,4500000016,1000,LOAD,18.07.2025 18:34:39,367,HU852170,A-01-04,A-03-04,PC,OP117,C
0000700095,4500000016,1000,GOODS_ISSUE,18.07.2025 20:10:07,367,HU852170,A-01-04,A-03-04,PC,OP117,C
0000700096,4500000017,4000,PICK_START,22.07.2025 13:00:00,285,HU606274,A-03-04,A-04-02,PC,OP228,C
0000700097,4500000017,4000,PICK_CONFIRM,22.07.2025 17:22:41,285,HU606274,A-03-04,A-04-02,PC,OP228,C
0000700098,4500000017,4000,PACK_START,22.07.2025 22:20:48,285,HU606274,A-03-04,A-04-02,PC,OP228,C
0000700099,4500000017,4000,PACK_CONFIRM,23.07.2025 02:13:34,285,HU606274,A-03-04,A-04-02,PC,OP228,C
0000700100,4500000017,4000,LOAD,23.07.2025 05:26:03,285,HU606274,A-03-04,A-04-02,PC,OP228,C
0000700101,4500000017,4000,GOODS_ISSUE,23.07.2025 07:45:06,285,HU606274,A-03-04,A-04-02,PC,OP228,C
0000700102,4500000018,3000,PICK_START,16.05.2025 16:00:00,120,HU929303,A-01-01,A-02-01,PC,OP253,C
0000700103,4500000018,3000,PICK_CONFIRM,16.05.2025 19:52:42,120,HU929303,A-01-01,A-02-01,PC,OP253,C
0000700104,4500000018,3000,PACK_START,16.05.2025 22:47:53,120,HU929303,A-01-01,A-02-01,PC,OP253,C
0000700105,4500000018,3000,PACK_CONFIRM,17.05.2025 00:59:49,120,HU929303,A-01-01,A-02-01,PC,OP253,C
0000700106,4500000018,3000,LOAD,17.05.2025 02:26:23,120,HU929303,A-01-01,A-02-01,PC,OP253,C
0000700107,4500000018,3000,GOODS_ISSUE,17.05.2025 04:48:54,120,HU929303,A-01-01,A-02-01,PC,OP253,C
0000700108,4500000020,4000,PICK_START,23.07.2025 09:00:00,44,HU387465,A-05-03,A-01-05,PC,OP174,C
0000700109,4500000020,4000,PICK_CONFIRM,23.07.2025 11:54:54,44,HU387465,A-05-03,A-01-05,PC,OP174,C
0000700110,4500000020,4000,PACK_START,23.07.2025 13:59:05,44,HU387465,A-05-03,A-01-05,PC,OP174,C
0000700111,4500000020,4000,PACK_CONFIRM,23.07.2025 16:13:46,44,HU387465,A-05-03,A-01-05,PC,OP174,C
0000700112,4500000020,4000,LOAD,23.07.2025 18:13:19,44,HU387465,A-05-03,A-01-05,PC,OP174,C
0000700113,4500000020,4000,GOODS_ISSUE,23.07.2025 20:09:14,44,HU387465,A-05-03,A-01-05,PC,OP174,C
0000700114,4500000021,1000,PICK_START,16.07.2025 10:00:00,185,HU147652,A-04-04,A-01-02,PC,OP277,C
0000700115,4500000021,1000,PICK_CONFIRM,16.07.2025 13:10:45,185,HU147652,A-04-04,A-01-02,PC,OP277,C
0000700116,4500000021,1000,PACK_CONFIRM,16.07.2025 17:11:45,185,HU147652,A-04-04,A-01-02,PC,OP277,C
0000700117,4500000021,1000,LOAD,16.07.2025 20:14:00,185,HU147652,A-04-04,A-01-02,PC,OP277,C
0000700118,4500000021,1000,GOODS_ISSUE,16.07.2025 22:02:31,185,HU147652,A-04-04,A-01-02,PC,OP277,C
0000700119,4500000022,1000,PICK_START,23.06.2025 13:00:00,47,HU299429,A-05-04,A-03-03,PC,OP226,C
0000700120,4500000022,1000,PICK_CONFIRM,23.06.2025 15:38:03,47,HU299429,A-05-04,A-03-03,PC,OP226,C
0000700121,4500000022,1000,PACK_START,23.06.2025 18:31:47,47,HU299429,A-05-04,A-03-03,PC,OP226,C
0000700122,4500000022,1000,PACK_CONFIRM,23.06.2025 21:47:09,47,HU299429,A-05-04,A-03-03,PC,OP226,C
0000700123,4500000022,1000,LOAD,24.06.2025 01:16:53,47,HU299429,A-05-04,A-03-03,PC,OP226,C
0000700124,4500000022,1000,GOODS_ISSUE,24.06.2025 02:47:10,47,HU299429,A-05-04,A-03-03,PC,OP226,C
0000700125,4500000023,1000,PICK_START,03.06.2025 07:00:00,391,HU817953,A-04-03,A-04-02,PC,OP119,C
0000700126,4500000023,1000,PICK_CONFIRM,03.06.2025 10:49:11,391,HU817953,A-04-03,A-04-02,PC,OP119,C
0000700127,4500000023,1000,PACK_START,03.06.2025 15:19:01,391,HU817953,A-04-03,A-04-02,PC,OP119,C
0000700128,4500000023,1000,PACK_CONFIRM,03.06.2025 18:37:04,391,HU817953,A-04-03,A-04-02,PC,OP119,C
0000700129,4500000023,1000,LOAD,03.06.2025 20:07:16,391,HU817953,A-04-03,A-04-02,PC,OP119,C
0000700130,4500000023,1000,GOODS_ISSUE,03.06.2025 22:20:08,391,HU817953,A-04-03,A-04-02,PC,OP119,C
0000700131,4500000024,3000,PICK_START,19.07.2025 10:00:00,299,HU273558,A-03-05,A-05-05,PC,OP230,C
0000700132,4500000024,3000,PICK_CONFIRM,19.07.2025 15:15:05,299,HU273558,A-03-05,A-05-05,PC,OP230,C
0000700133,4500000024,3000,PACK_START,19.07.2025 16:51:24,299,HU273558,A-03-05,A-05-05,PC,OP230,C
0000700134,4500000024,3000,PACK_CONFIRM,19.07.2025 20:48:29,299,HU273558,A-03-05,A-05-05,PC,OP230,C
0000700135,4500000024,3000,LOAD,20.07.2025 00:09:22,299,HU273558,A-03-05,A-05-05,PC,OP230,C
0000700136,4500000024,3000,GOODS_ISSUE,20.07.2025 01:51:02,299,HU273558,A-03-05,A-05-05,PC,OP230,C
0000700137,4500000025,4000,PICK_START,07.05.2025 16:00:00,59,HU502810,A-04-03,A-05-05,PC,OP199,C
0000700138,4500000025,4000,PICK_CONFIRM,07.05.2025 18:21:01,59,HU502810,A-04-03,A-05-05,PC,OP199,C
0000700139,4500000025,4000,PACK_START,07.05.2025 22:02:28,59,HU502810,A-04-03,A-05-05,PC,OP199,C
0000700140,4500000025,4000,PACK_CONFIRM,08.05.2025 00:29:30,59,HU502810,A-04-03,A-05-05,PC,OP199,C
0000700141,4500000025,4000,LOAD,08.05.2025 02:47:54,59,HU502810,A-04-03,A-05-05,PC,OP199,C
0000700142,4500000025,4000,GOODS_ISSUE,08.05.2025 05:15:37,59,HU502810,A-04-03,A-05-05,PC,OP199,C
0000700143,4500000026,4000,PICK_START,05.06.2025 15:00:00,177,HU520320,A-04-05,A-02-04,PC,OP152,C
0000700144,4500000026,4000,PICK_CONFIRM,05.06.2025 19:30:21,177,HU520320,A-04-05,A-02-04,PC,OP152,C
0000700145,4500000026,4000,PACK_START,05.06.2025 20:33:24,177,HU520320,A-04-05,A-02-04,PC,OP152,C
0000700146,4500000026,4000,PACK_CONFIRM,06.06.2025 00:24:03,177,HU520320,A-04-05,A-02-04,PC,OP152,C
0000700147,4500000026,4000,LOAD,06.06.2025 01:39:27,177,HU520320,A-04-05,A-02-04,PC,OP152,C
0000700148,4500000026,4000,GOODS_ISSUE,06.06.2025 04:05:52,177,HU520320,A-04-05,A-02-04,PC,OP152,C
0000700149,4500000027,3000,PICK_START,02.07.2025 14:00:00,118,HU293007,A-01-01,A-02-01,PC,OP246,C
0000700150,4500000027,3000,PICK_CONFIRM,02.07.2025 16:39:14,118,HU293007,A-01-01,A-02-01,PC,OP246,C
0000700151,4500000027,3000,PACK_START,02.07.2025 19:00:30,118,HU293007,A-01-01,A-02-01,PC,OP246,C
0000700152,4500000027,3000,PACK_CONFIRM,02.07.2025 20:45:45,118,HU293007,A-01-01,A-02-01,PC,OP246,C
0000700153,4500000027,3000,LOAD,02.07.2025 22:07:28,118,HU293007,A-01-01,A-02-01,PC,OP246,C
0000700154,4500000027,3000,GOODS_ISSUE,02.07.2025 23:30:35,118,HU293007,A-01-01,A-02-01,PC,OP246,C
0000700155,4500000028,3000,PICK_START,04.07.2025 06:00:00,56,HU328387,A-04-04,A-05-03,PC,OP102,C
0000700156,4500000028,3000,PICK_CONFIRM,04.07.2025 09:46:00,56,HU328387,A-04-04,A-05-03,PC,OP102,C
0000700157,4500000028,3000,PACK_START,04.07.2025 11:23:53,56,HU328387,A-04-04,A-05-03,PC,OP102,C
0000700158,4500000028,3000,PACK_CONFIRM,04.07.2025 15:00:12,56,HU328387,A-04-04,A-05-03,PC,OP102,C
0000700159,4500000028,3000,LOAD,04.07.2025 17:28:34,56,HU328387,A-04-04,A-05-03,PC,OP102,C
0000700160,4500000028,3000,GOODS_ISSUE,04.07.2025 20:13:17,56,HU328387,A-04-04,A-05-03,PC,OP102,C
0000700161,4500000029,4000,PICK_START,27.05.2025 15:00:00,63,HU929053,A-04-02,A-03-05,PC,OP228,C
0000700162,4500000029,4000,PICK_CONFIRM,27.05.2025 20:44:44,63,HU929053,A-04-02,A-03-05,PC,OP228,C
0000700163,4500000029,4000,PACK_START,27.05.2025 22:59:11,63,HU929053,A-04-02,A-03-05,PC,OP228,C
0000700164,4500000029,4000,PACK_CONFIRM,28.05.2025 01:39:38,63,HU929053,A-04-02,A-03-05,PC,OP228,C
0000700165,4500000029,4000,LOAD,28.05.2025 03:54:33,63,HU929053,A-04-02,A-03-05,PC,OP228,C
0000700166,4500000029,4000,GOODS_ISSUE,28.05.2025 06:06:05,63,HU929053,A-04-02,A-03-05,PC,OP228,C
0000700167,4500000030,3000,PICK_START,13.06.2025 07:00:00,296,HU842133,A-05-04,A-04-02,PC,OP166,C
0000700168,4500000030,3000,PICK_CONFIRM,13.06.2025 08:47:07,296,HU842133,A-05-04,A-04-02,PC,OP166,C
0000700169,4500000030,3000,PACK_START,13.06.2025 10:09:38,296,HU842133,A-05-04,A-04-02,PC,OP166,C
0000700170,4500000030,3000,PACK_CONFIRM,13.06.2025 11:10:07,296,HU842133,A-05-04,A-04-02,PC,OP166,C
0000700172,4500000030,3000,GOODS_ISSUE,13.06.2025 15:42:27,296,HU842133,A-05-04,A-04-02,PC,OP166,C
0000700171,4500000030,3000,LOAD,13.06.2025 13:31:12,296,HU842133,A-05-04,A-04-02,PC,OP166,C
0000700173,4500000032,1000,PICK_START,30.06.2025 15:00:00,226,HU418148,A-02-03,A-02-05,PC,OP281,C
0000700174,4500000032,1000,PICK_CONFIRM,30.06.2025 16:12:04,226,HU418148,A-02-03,A-02-05,PC,OP281,C
0000700175,4500000032,1000,PACK_START,30.06.2025 19:33:13,226,HU418148,A-02-03,A-02-05,PC,OP281,C
0000700176,4500000032,1000,PACK_CONFIRM,30.06.2025 22:30:29,226,HU418148,A-02-03,A-02-05,PC,OP281,C
0000700177,4500000032,1000,LOAD,01.07.2025 02:15:23,226,HU418148,A-02-03,A-02-05,PC,OP281,C
0000700178,4500000032,1000,GOODS_ISSUE,01.07.2025 03:37:09,226,HU418148,A-02-03,A-02-05,PC,OP281,C
0000700179,4500000033,3000,PICK_START,17.06.2025 13:00:00,348,HU381558,A-04-03,A-01-04,PC,OP143,C
0000700180,4500000033,3000,PICK_CONFIRM,17.06.2025 14:26:25,350,HU381558,A-04-03,A-01-04,PC,OP143,C
0000700181,4500000033,3000,PACK_START,17.06.2025 16:01:11,350,HU381558,A-04-03,A-01-04,PC,OP143,C
0000700182,4500000033,3000,PACK_CONFIRM,17.06.2025 19:20:15,350,HU381558,A-04-03,A-01-04,PC,OP143,C
0000700183,4500000033,3000,LOAD,17.06.2025 22:55:56,350,HU381558,A-04-03,A-01-04,PC,OP143,C
0000700184,4500000033,3000,GOODS_ISSUE,18.06.2025 01:34:55,350,HU381558,A-04-03,A-01-04,PC,OP143,C
0000700185,4500000034,4000,PICK_START,11.07.2025 13:00:00,325,HU334807,A-01-02,A-04-03,PC,OP160,C
0000700186,4500000034,4000,PICK_CONFIRM,11.07.2025 14:36:25,325,HU334807,A-01-02,A-04-03,PC,OP160,C
0000700187,4500000034,4000,PACK_START,11.07.2025 18:39:05,325,HU334807,A-01-02,A-04-03,PC,OP160,C
0000700188,4500000034,4000,PACK_CONFIRM,11.07.2025 20:22:09,325,HU334807,A-01-02,A-04-03,PC,OP160,C
0000700190,4500000034,4000,GOODS_ISSUE,11.07.2025 23:56:46,325,HU334807,A-01-02,A-04-03,PC,OP160,C
0000700189,4500000034,4000,LOAD,11.07.2025 21:50:40,325,HU334807,A-01-02,A-04-03,PC,OP160,C
0000700191,4500000035,3000,PICK_START,19.05.2025 15:00:00,265,HU406019,A-01-02,A-05-01,PC,OP137,C
0000700192,4500000035,3000,PICK_CONFIRM,19.05.2025 18:32:28,265,HU406019,A-01-02,A-05-01,PC,OP137,C
0000700193,4500000035,3000,PACK_START,19.05.2025 23:51:40,265,HU406019,A-01-02,A-05-01,PC,OP137,C
0000700194,4500000035,3000,PACK_CONFIRM,20.05.2025 01:41:24,265,HU406019,A-01-02,A-05-01,PC,OP137,C
0000700195,4500000035,3000,LOAD,20.05.2025 05:03:36,265,HU406019,A-01-02,A-05-01,PC,OP137,C
0000700196,4500000035,3000,GOODS_ISSUE,20.05.2025 06:53:23,265,HU406019,A-01-02,A-05-01,PC,OP137,C
0000700197,4500000036,4000,PICK_START,12.06.2025 09:00:00,81,HU391248,A-01-05,A-02-04,PC,OP113,C
0000700198,4500000036,4000,PICK_CONFIRM,12.06.2025 14:54:13,81,HU391248,A-01-05,A-02-04,PC,OP113,C
0000700199,4500000036,4000,PACK_START,12.06.2025 17:49:07,81,HU391248,A-01-05,A-02-04,PC,OP113,C
0000700200,4500000036,4000,PACK_CONFIRM,12.06.2025 21:23:12,81,HU391248,A-01-05,A-02-04,PC,OP113,C
0000700201,4500000036,4000,LOAD,12.06.2025 23:37:08,81,HU391248,A-01-05,A-02-04,PC,OP113,C
0000700202,4500000036,4000,GOODS_ISSUE,13.06.2025 01:15:19,81,HU391248,A-01-05,A-02-04,PC,OP113,C
0000700203,4500000037,3000,PICK_START,06.07.2025 07:00:00,56,HU773618,A-02-03,A-02-02,PC,OP236,C
0000700204,4500000037,3000,PICK_CONFIRM,06.07.2025 10:20:50,56,HU773618,A-02-03,A-02-02,PC,OP236,C
0000700205,4500000037,3000,PACK_START,06.07.2025 13:02:24,56,HU773618,A-02-03,A-02-02,PC,OP236,C
0000700206,4500000037,3000,PACK_CONFIRM,06.07.2025 16:07:06,56,HU773618,A-02-03,A-02-02,PC,OP236,C
0000700207,4500000037,3000,LOAD,06.07.2025 19:04:04,56,HU773618,A-02-03,A-02-02,PC,OP236,C
0000700208,4500000037,3000,GOODS_ISSUE,06.07.2025 21:46:17,56,HU773618,A-02-03,A-02-02,PC,OP236,C
0000700209,4500000038,1000,PICK_START,14.07.2025 07:00:00,125,HU221828,A-01-01,A-05-01,PC,OP188,C
0000700210,4500000038,1000,PICK_CONFIRM,14.07.2025 10:13:06,125,HU221828,A-01-01,A-05-01,PC,OP188,C
0000700211,4500000038,1000,PACK_START,14.07.2025 15:44:07,125,HU221828,A-01-01,A-05-01,PC,OP188,C
0000700212,4500000038,1000,PACK_CONFIRM,14.07.2025 16:52:24,125,HU221828,A-01-01,A-05-01,PC,OP188,C
0000700213,4500000038,1000,LOAD,14.07.2025 20:15:42,125,HU221828,A-01-01,A-05-01,PC,OP188,C
0000700214,4500000038,1000,GOODS_ISSUE,14.07.2025 21:50:55,125,HU221828,A-01-01,A-05-01,PC,OP188,C
0000700215,4500000039,2000,PICK_START,16.07.2025 16:00:00,45,HU763416,A-04-05,A-03-02,PC,OP183,C
0000700216,4500000039,2000,PICK_CONFIRM,16.07.2025 18:16:11,45,HU763416,A-04-05,A-03-02,PC,OP183,C
0000700217,4500000039,2000,PACK_START,16.07.2025 19:19:00,45,HU763416,A-04-05,A-03-02,PC,OP183,C
0000700218,4500000039,2000,PACK_CONFIRM,16.07.2025 22:43:50,45,HU763416,A-04-05,A-03-02,PC,OP183,C
0000700219,4500000039,2000,LOAD,17.07.2025 02:26:03,45,HU763416,A-04-05,A-03-02,PC,OP183,C
0000700220,4500000039,2000,GOODS_ISSUE,17.07.2025 04:47:22,45,HU763416,A-04-05,A-03-02,PC,OP183,C
0000700221,4500000040,3000,PICK_START,26.07.2025 11:00:00,238,HU187289,A-05-03,A-04-03,PC,OP167,C
0000700222,4500000040,3000,PICK_CONFIRM,26.07.2025 14:52:26,238,HU187289,A-05-03,A-04-03,PC,OP167,C
0000700223,4500000040,3000,PACK_START,26.07.2025 17:21:00,238,HU187289,A-05-03,A-04-03,PC,OP167,C
0000700224,4500000040,3000,PACK_CONFIRM,26.07.2025 21:17:02,238,HU187289,A-05-03,A-04-03,PC,OP167,C
0000700225,4500000040,3000,LOAD,27.07.2025 00:15:31,238,HU187289,A-05-03,A-04-03,PC,OP167,C
0000700226,4500000040,3000,GOODS_ISSUE,27.07.2025 01:48:27,238,HU187289,A-05-03,A-04-03,PC,OP167,C
0000700227,4500000041,3000,PICK_START,10.06.2025 06:00:00,117,HU857155,A-01-05,A-03-04,PC,OP256,C
0000700228,4500000041,3000,PICK_CONFIRM,10.06.2025 09:53:52,117,HU857155,A-01-05,A-03-04,PC,OP256,C
0000700229,4500000041,3000,PACK_START,10.06.2025 11:20:54,117,HU857155,A-01-05,A-03-04,PC,OP256,C
0000700230,4500000041,3000,PACK_CONFIRM,10.06.2025 13:14:01,117,HU857155,A-01-05,A-03-04,PC,OP256,C
0000700231,4500000041,3000,LOAD,10.06.2025 16:28:34,117,HU857155,A-01-05,A-03-04,PC,OP256,C
0000700232,4500000041,3000,GOODS_ISSUE,10.06.2025 17:49:39,117,HU857155,A-01-05,A-03-04,PC,OP256,C
0000700233,4500000042,4000,PICK_START,27.05.2025 16:00:00,156,HU409220,A-03-01,A-01-02,PC,OP260,C
0000700234,4500000042,4000,PICK_CONFIRM,27.05.2025 21:53:58,156,HU409220,A-03-01,A-01-02,PC,OP260,C
0000700235,4500000042,4000,PACK_START,28.05.2025 02:55:21,156,HU409220,A-03-01,A-01-02,PC,OP260,C
0000700237,4500000042,4000,LOAD,28.05.2025 08:23:31,156,HU409220,A-03-01,A-01-02,PC,OP260,C
0000700236,4500000042,4000,PACK_CONFIRM,28.05.2025 05:01:11,156,HU409220,A-03-01,A-01-02,PC,OP260,C
0000700238,4500000042,4000,GOODS_ISSUE,28.05.2025 09:25:11,156,HU409220,A-03-01,A-01-02,PC,OP260,C
0000700239,4500000043,3000,PICK_START,18.07.2025 10:00:00,60,HU955556,A-01-01,A-03-02,PC,OP156,C
0000700240,4500000043,3000,PICK_CONFIRM,18.07.2025 14:14:46,60,HU955556,A-01-01,A-03-02,PC,OP156,C
0000700241,4500000043,3000,PACK_START,18.07.2025 15:28:22,60,HU955556,A-01-01,A-03-02,PC,OP156,C
0000700242,4500000043,3000,PACK_CONFIRM,18.07.2025 16:35:04,60,HU955556,A-01-01,A-03-02,PC,OP156,C
0000700243,4500000043,3000,LOAD,18.07.2025 20:34:20,60,HU955556,A-01-01,A-03-02,PC,OP156,C
0000700244,4500000043,3000,GOODS_ISSUE,18.07.2025 21:48:16,60,HU955556,A-01-01,A-03-02,PC,OP156,C
0000700245,4500000044,2000,PICK_START,21.06.2025 13:00:00,217,HU865960,A-02-04,A-02-01,PC,OP165,C
0000700246,4500000044,2000,PICK_CONFIRM,21.06.2025 18:45:09,217,HU865960,A-02-04,A-02-01,PC,OP165,C
0000700247,4500000044,2000,PACK_START,21.06.2025 20:14:58,217,HU865960,A-02-04,A-02-01,PC,OP165,C
0000700248,4500000044,2000,PACK_CONFIRM,21.06.2025 23:18:23,217,HU865960,A-02-04,A-02-01,PC,OP165,C
0000700249,4500000044,2000,LOAD,22.06.2025 01:56:23,217,HU865960,A-02-04,A-02-01,PC,OP165,C
0000700250,4500000044,2000,GOODS_ISSUE,22.06.2025 04:53:44,217,HU865960,A-02-04,A-02-01,PC,OP165,C
0000700251,4500000045,2000,PICK_START,01.07.2025 07:00:00,333,HU116398,A-04-03,A-05-02,PC,OP299,C
0000700252,4500000045,2000,PICK_CONFIRM,01.07.2025 12:08:56,333,HU116398,A-04-03,A-05-02,PC,OP299,C
0000700253,4500000045,2000,PACK_START,01.07.2025 16:04:51,333,HU116398,A-04-03,A-05-02,PC,OP299,C
0000700254,4500000045,2000,PACK_CONFIRM,01.07.2025 19:31:12,333,HU116398,A-04-03,A-05-02,PC,OP299,C
0000700255,4500000045,2000,LOAD,01.07.2025 21:13:08,333,HU116398,A-04-03,A-05-02,PC,OP299,C
0000700256,4500000045,2000,GOODS_ISSUE,01.07.2025 23:46:04,333,HU116398,A-04-03,A-05-02,PC,OP299,C
0000700257,4500000046,2000,PICK_START,20.05.2025 08:00:00,61,HU918427,A-04-04,A-01-04,PC,OP284,C
0000700258,4500000046,2000,PICK_CONFIRM,20.05.2025 10:19:36,61,HU918427,A-04-04,A-01-04,PC,OP284,C
0000700259,4500000046,2000,PACK_START,20.05.2025 13:25:53,61,HU918427,A-04-04,A-01-04,PC,OP284,C
0000700261,4500000046,2000,LOAD,20.05.2025 15:57:47,61,HU918427,A-04-04,A-01-04,PC,OP284,C
0000700260,4500000046,2000,PACK_CONFIRM,20.05.2025 14:46:21,61,HU918427,A-04-04,A-01-04,PC,OP284,C
0000700262,4500000046,2000,GOODS_ISSUE,20.05.2025 17:51:35,61,HU918427,A-04-04,A-01-04,PC,OP284,C
0000700263,4500000047,3000,PICK_START,23.07.2025 13:00:00,239,HU881996,A-05-03,A-03-03,PC,OP267,C
0000700264,4500000047,3000,PICK_CONFIRM,23.07.2025 14:22:02,239,HU881996,A-05-03,A-03-03,PC,OP267,C
0000700265,4500000047,3000,PACK_START,23.07.2025 18:24:32,239,HU881996,A-05-03,A-03-03,PC,OP267,C
0000700266,4500000047,3000,PACK_CONFIRM,23.07.2025 19:36:21,239,HU881996,A-05-03,A-03-03,PC,OP267,C
0000700267,4500000047,3000,LOAD,23.07.2025 21:25:51,239,HU881996,A-05-03,A-03-03,PC,OP267,C
0000700268,4500000047,3000,GOODS_ISSUE,23.07.2025 23:41:49,239,HU881996,A-05-03,A-03-03,PC,OP267,C
0000700269,4500000048,4000,PICK_START,02.07.2025 13:00:00,55,HU369845,A-05-01,A-05-01,PC,OP254,C
0000700270,4500000048,4000,PICK_CONFIRM,02.07.2025 15:59:37,55,HU369845,A-05-01,A-05-01,PC,OP254,C
0000700271,4500000048,4000,PACK_START,02.07.2025 18:33:23,55,HU369845,A-05-01,A-05-01,PC,OP254,C
0000700272,4500000048,4000,PACK_CONFIRM,02.07.2025 20:29:38,55,HU369845,A-05-01,A-05-01,PC,OP254,C
0000700273,4500000048,4000,LOAD,02.07.2025 22:15:31,55,HU369845,A-05-01,A-05-01,PC,OP254,C
0000700274,4500000048,4000,GOODS_ISSUE,03.07.2025 01:09:56,55,HU369845,A-05-01,A-05-01,PC,OP254,C
0000700275,4500000049,3000,PICK_START,17.05.2025 06:00:00,71,HU677637,A-02-02,A-03-05,PC,OP156,C
0000700276,4500000049,3000,PICK_CONFIRM,17.05.2025 11:50:31,71,HU677637,A-02-02,A-03-05,PC,OP156,C
0000700277,4500000049,3000,PACK_START,17.05.2025 14:36:00,71,HU677637,A-02-02,A-03-05,PC,OP156,C
0000700278,4500000049,3000,PACK_CONFIRM,17.05.2025 17:20:02,71,HU677637,A-02-02,A-03-05,PC,OP156,C
0000700279,4500000049,3000,LOAD,17.05.2025 18:58:19,71,HU677637,A-02-02,A-03-05,PC,OP156,C
0000700280,4500000049,3000,GOODS_ISSUE,17.05.2025 21:17:08,71,HU677637,A-02-02,A-03-05,PC,OP156,C
0000700281,4500000050,2000,PICK_START,18.05.2025 10:00:00,224,HU440014,A-02-04,A-02-02,PC,OP248,C
0000700282,4500000050,2000,PICK_CONFIRM,18.05.2025 14:30:48,224,HU440014,A-02-04,A-02-02,PC,OP248,C
0000700283,4500000050,2000,PACK_START,18.05.2025 17:12:45,224,HU440014,A-02-04,A-02-02,PC,OP248,C
0000700285,4500000050,2000,LOAD,18.05.2025 21:50:25,224,HU440014,A-02-04,A-02-02,PC,OP248,C
0000700284,4500000050,2000,PACK_CONFIRM,18.05.2025 18:13:51,224,HU440014,A-02-04,A-02-02,PC,OP248,C
0000700286,4500000050,2000,GOODS_ISSUE,18.05.2025 23:58:23,224,HU440014,A-02-04,A-02-02,PC,OP248,C
0000700287,4500000051,4000,PICK_START,10.07.2025 08:00:00,237,HU760393,A-05-05,A-03-03,PC,OP139,C
0000700288,4500000051,4000,PICK_CONFIRM,10.07.2025 12:46:19,237,HU760393,A-05-05,A-03-03,PC,OP139,C
0000700289,4500000051,4000,PACK_CONFIRM,10.07.2025 15:15:42,237,HU760393,A-05-05,A-03-03,PC,OP139,C
0000700290,4500000051,4000,LOAD,10.07.2025 17:35:27,237,HU760393,A-05-05,A-03-03,PC,OP139,C
0000700291,4500000051,4000,GOODS_ISSUE,10.07.2025 19:26:20,237,HU760393,A-05-05,A-03-03,PC,OP139,C
0000700292,4500000052,3000,PICK_START,17.06.2025 10:00:00,352,HU567723,A-02-03,A-05-04,PC,OP285,C
0000700293,4500000052,3000,PICK_CONFIRM,17.06.2025 15:43:35,352,HU567723,A-02-03,A-05-04,PC,OP285,C
0000700294,4500000052,3000,PACK_START,17.06.2025 20:32:50,352,HU567723,A-02-03,A-05-04,PC,OP285,C
0000700295,4500000052,3000,PACK_CONFIRM,17.06.2025 22:24:56,352,HU567723,A-02-03,A-05-04,PC,OP285,C
0000700296,4500000052,3000,LOAD,17.06.2025 23:46:32,352,HU567723,A-02-03,A-05-04,PC,OP285,C
0000700297,4500000052,3000,GOODS_ISSUE,18.06.2025 01:46:13,352,HU567723,A-02-03,A-05-04,PC,OP285,C
0000700298,4500000053,3000,PICK_START,09.07.2025 12:00:00,41,HU554980,A-03-02,A-01-05,PC,OP222,C
0000700299,4500000053,3000,PICK_CONFIRM,09.07.2025 15:52:01,41,HU554980,A-03-02,A-01-05,PC,OP222,C
0000700300,4500000053,3000,PACK_START,09.07.2025 18:57:19,41,HU554980,A-03-02,A-01-05,PC,OP222,C
0000700301,4500000053,3000,PACK_CONFIRM,09.07.2025 20:18:03,41,HU554980,A-03-02,A-01-05,PC,OP222,C
0000700302,4500000053,3000,LOAD,09.07.2025 21:21:48,41,HU554980,A-03-02,A-01-05,PC,OP222,C
0000700303,4500000053,3000,GOODS_ISSUE,09.07.2025 23:00:47,41,HU554980,A-03-02,A-01-05,PC,OP222,C
0000700304,4500000054,1000,PICK_START,16.05.2025 08:00:00,129,HU198242,A-04-01,A-02-01,PC,OP217,C
0000700305,4500000054,1000,PICK_CONFIRM,16.05.2025 09:22:54,129,HU198242,A-04-01,A-02-01,PC,OP217,C
0000700306,4500000054,1000,PACK_START,16.05.2025 13:02:05,129,HU198242,A-04-01,A-02-01,PC,OP217,C
0000700307,4500000054,1000,PACK_CONFIRM,16.05.2025 14:36:59,129,HU198242,A-04-01,A-02-01,PC,OP217,C
0000700308,4500000054,1000,LOAD,16.05.2025 17:56:43,129,HU198242,A-04-01,A-02-01,PC,OP217,C
0000700309,4500000054,1000,GOODS_ISSUE,16.05.2025 19:38:51,129,HU198242,A-04-01,A-02-01,PC,OP217,C
0000700310,4500000055,2000,PICK_START,24.05.2025 15:00:00,313,HU294015,A-02-01,A-02-02,PC,OP245,C
0000700311,4500000055,2000,PICK_CONFIRM,24.05.2025 18:14:40,313,HU294015,A-02-01,A-02-02,PC,OP245,C
0000700312,4500000055,2000,PACK_START,24.05.2025 22:04:01,313,HU294015,A-02-01,A-02-02,PC,OP245,C
0000700314,4500000055,2000,LOAD,25.05.2025 03:50:47,313,HU294015,A-02-01,A-02-02,PC,OP245,C
0000700313,4500000055,2000,PACK_CONFIRM,25.05.2025 00:58:22,313,HU294015,A-02-01,A-02-02,PC,OP245,C
0000700315,4500000055,2000,GOODS_ISSUE,25.05.2025 06:34:29,313,HU294015,A-02-01,A-02-02,PC,OP245,C
0000700316,4500000056,3000,PICK_START,30.06.2025 07:00:00,307,HU614345,A-05-04,A-02-01,PC,OP265,C
0000700317,4500000056,3000,PICK_CONFIRM,30.06.2025 11:13:23,307,HU614345,A-05-04,A-02-01,PC,OP265,C
0000700318,4500000056,3000,PACK_START,30.06.2025 12:40:29,307,HU614345,A-05-04,A-02-01,PC,OP265,C
0000700319,4500000056,3000,PACK_CONFIRM,30.06.2025 15:27:25,307,HU614345,A-05-04,A-02-01,PC,OP265,C
0000700320,4500000056,3000,LOAD,30.06.2025 17:36:37,307,HU614345,A-05-04,A-02-01,PC,OP265,C
0000700321,4500000056,3000,GOODS_ISSUE,30.06.2025 19:46:16,307,HU614345,A-05-04,A-02-01,PC,OP265,C
0000700322,4500000057,2000,PICK_START,14.06.2025 13:00:00,36,HU395744,A-01-01,A-02-05,PC,OP141,C
0000700323,4500000057,2000,PICK_CONFIRM,14.06.2025 18:57:17,36,HU395744,A-01-01,A-02-05,PC,OP141,C
0000700324,4500000057,2000,PACK_START,14.06.2025 23:00:14,36,HU395744,A-01-01,A-02-05,PC,OP141,C
0000700325,4500000057,2000,PACK_CONFIRM,15.06.2025 01:05:44,36,HU395744,A-01-01,A-02-05,PC,OP141,C
0000700326,4500000057,2000,LOAD,15.06.2025 04:50:58,36,HU395744,A-01-01,A-02-05,PC,OP141,C
0000700327,4500000057,2000,GOODS_ISSUE,15.06.2025 06:37:27,36,HU395744,A-01-01,A-02-05,PC,OP141,C
0000700328,4500000058,4000,PICK_START,13.05.2025 16:00:00,150,HU286367,A-03-03,A-05-02,PC,OP255,C
0000700329,4500000058,4000,PICK_CONFIRM,13.05.2025 20:29:32,150,HU286367,A-03-03,A-05-02,PC,OP255,C
0000700330,4500000058,4000,PACK_START,14.05.2025 00:28:03,150,HU286367,A-03-03,A-05-02,PC,OP255,C
0000700331,4500000058,4000,PACK_CONFIRM,14.05.2025 04:16:53,150,HU286367,A-03-03,A-05-02,PC,OP255,C
0000700332,4500000058,4000,LOAD,14.05.2025 06:12:37,150,HU286367,A-03-03,A-05-02,PC,OP255,C
0000700333,4500000058,4000,GOODS_ISSUE,14.05.2025 07:57:49,150,HU286367,A-03-03,A-05-02,PC,OP255,C
0000700334,4500000059,3000,PICK_START,25.07.2025 08:00:00,14,HU296972,A-01-03,A-01-05,PC,OP118,C
0000700335,4500000059,3000,PICK_CONFIRM,25.07.2025 09:46:29,14,HU296972,A-01-03,A-01-05,PC,OP118,C
0000700336,4500000059,3000,PACK_START,25.07.2025 14:42:55,14,HU296972,A-01-03,A-01-05,PC,OP118,C
0000700337,4500000059,3000,PACK_CONFIRM,25.07.2025 17:14:18,14,HU296972,A-01-03,A-01-05,PC,OP118,C
0000700338,4500000059,3000,LOAD,25.07.2025 19:51:27,14,HU296972,A-01-03,A-01-05,PC,OP118,C
0000700339,4500000059,3000,GOODS_ISSUE,25.07.2025 22:20:05,14,HU296972,A-01-03,A-01-05,PC,OP118,C
0000700340,4500000060,2000,PICK_START,21.07.2025 09:00:00,97,HU547107,A-02-03,A-03-05,PC,OP265,C
0000700341,4500000060,2000,PICK_CONFIRM,21.07.2025 14:50:52,97,HU547107,A-02-03,A-03-05,PC,OP265,C
0000700342,4500000060,2000,PACK_START,21.07.2025 19:36:35,97,HU547107,A-02-03,A-03-05,PC,OP265,C
0000700343,4500000060,2000,PACK_CONFIRM,21.07.2025 22:57:40,97,HU547107,A-02-03,A-03-05,PC,OP265,C
0000700344,4500000060,2000,LOAD,22.07.2025 00:39:47,97,HU547107,A-02-03,A-03-05,PC,OP265,C
0000700345,4500000060,2000,GOODS_ISSUE,22.07.2025 02:08:29,97,HU547107,A-02-03,A-03-05,PC,OP265,C
0000700346,4500000061,4000,PICK_START,04.07.2025 13:00:00,262,HU522056,A-01-04,A-05-04,PC,OP234,C
0000700347,4500000061,4000,PICK_CONFIRM,04.07.2025 18:22:14,262,HU522056,A-01-04,A-05-04,PC,OP234,C
0000700348,4500000061,4000,PACK_START,04.07.2025 19:53:00,262,HU522056,A-01-04,A-05-04,PC,OP234,C
0000700349,4500000061,4000,PACK_CONFIRM,04.07.2025 23:25:16,262,HU522056,A-01-04,A-05-04,PC,OP234,C
0000700350,4500000061,4000,LOAD,05.07.2025 02:58:28,262,HU522056,A-01-04,A-05-04,PC,OP234,C
0000700351,4500000061,4000,GOODS_ISSUE,05.07.2025 04:32:41,262,HU522056,A-01-04,A-05-04,PC,OP234,C
0000700352,4500000062,2000,PICK_START,29.06.2025 07:00:00,235,HU243960,A-05-04,A-05-05,PC,OP103,C
0000700353,4500000062,2000,PICK_CONFIRM,29.06.2025 09:52:28,235,HU243960,A-05-04,A-05-05,PC,OP103,C
0000700354,4500000062,2000,PACK_CONFIRM,29.06.2025 17:27:34,235,HU243960,A-05-04,A-05-05,PC,OP103,C
0000700355,4500000062,2000,LOAD,29.06.2025 20:58:37,235,HU243960,A-05-04,A-05-05,PC,OP103,C
0000700356,4500000062,2000,GOODS_ISSUE,29.06.2025 23:16:37,235,HU243960,A-05-04,A-05-05,PC,OP103,C
0000700357,4500000064,2000,PICK_START,21.07.2025 07:00:00,372,HU732599,A-01-04,A-03-03,PC,OP198,C
0000700358,4500000064,2000,PICK_CONFIRM,21.07.2025 10:37:02,373,HU732599,A-01-04,A-03-03,PC,OP198,C
0000700359,4500000064,2000,PACK_START,21.07.2025 16:23:03,373,HU732599,A-01-04,A-03-03,PC,OP198,C
0000700360,4500000064,2000,PACK_CONFIRM,21.07.2025 19:01:00,373,HU732599,A-01-04,A-03-03,PC,OP198,C
0000700361,4500000064,2000,LOAD,21.07.2025 22:22:33,373,HU732599,A-01-04,A-03-03,PC,OP198,C
0000700362,4500000064,2000,GOODS_ISSUE,22.07.2025 00:23:28,373,HU732599,A-01-04,A-03-03,PC,OP198,C
0000700363,4500000065,1000,PICK_START,05.06.2025 11:00:00,181,HU121722,A-01-04,A-01-01,PC,OP295,C
0000700364,4500000065,1000,PICK_CONFIRM,05.06.2025 14:43:48,181,HU121722,A-01-04,A-01-01,PC,OP295,C
0000700365,4500000065,1000,PACK_START,05.06.2025 16:36:19,181,HU121722,A-01-04,A-01-01,PC,OP295,C
0000700366,4500000065,1000,PACK_CONFIRM,05.06.2025 19:56:34,181,HU121722,A-01-04,A-01-01,PC,OP295,C
0000700367,4500000065,1000,LOAD,05.06.2025 22:20:12,181,HU121722,A-01-04,A-01-01,PC,OP295,C
0000700368,4500000065,1000,GOODS_ISSUE,06.06.2025 00:43:39,181,HU121722,A-01-04,A-01-01,PC,OP295,C
0000700369,4500000066,1000,PICK_START,08.05.2025 16:00:00,107,HU970860,A-05-01,A-01-02,PC,OP133,C
0000700370,4500000066,1000,PICK_CONFIRM,08.05.2025 17:57:19,107,HU970860,A-05-01,A-01-02,PC,OP133,C
0000700371,4500000066,1000,PACK_START,08.05.2025 22:51:35,107,HU970860,A-05-01,A-01-02,PC,OP133,C
0000700372,4500000066,1000,PACK_CONFIRM,09.05.2025 02:27:25,107,HU970860,A-05-01,A-01-02,PC,OP133,C
0000700373,4500000066,1000,LOAD,09.05.2025 04:27:10,107,HU970860,A-05-01,A-01-02,PC,OP133,C
0000700374,4500000066,1000,GOODS_ISSUE,09.05.2025 05:42:06,107,HU970860,A-05-01,A-01-02,PC,OP133,C
0000700375,4500000067,4000,PICK_START,27.05.2025 14:00:00,193,HU360406,A-05-05,A-01-03,PC,OP168,C
0000700376,4500000067,4000,PICK_CONFIRM,27.05.2025 16:28:07,193,HU360406,A-05-05,A-01-03,PC,OP168,C
0000700377,4500000067,4000,PACK_START,27.05.2025 19:06:30,193,HU360406,A-05-05,A-01-03,PC,OP168,C
0000700378,4500000067,4000,PACK_CONFIRM,27.05.2025 20:59:43,193,HU360406,A-05-05,A-01-03,PC,OP168,C
0000700379,4500000067,4000,LOAD,27.05.2025 23:19:59,193,HU360406,A-05-05,A-01-03,PC,OP168,C
0000700380,4500000067,4000,GOODS_ISSUE,28.05.2025 01:46:06,193,HU360406,A-05-05,A-01-03,PC,OP168,C
0000700381,4500000068,3000,PICK_START,18.06.2025 08:00:00,332,HU249564,A-05-01,A-04-05,PC,OP103,C
0000700382,4500000068,3000,PICK_CONFIRM,18.06.2025 13:14:36,332,HU249564,A-05-01,A-04-05,PC,OP103,C
0000700383,4500000068,3000,PACK_START,18.06.2025 16:26:03,332,HU249564,A-05-01,A-04-05,PC,OP103,C
0000700384,4500000068,3000,PACK_CONFIRM,18.06.2025 17:48:46,332,HU249564,A-05-01,A-04-05,PC,OP103,C
0000700385,4500000068,3000,LOAD,18.06.2025 19:31:15,332,HU249564,A-05-01,A-04-05,PC,OP103,C
0000700386,4500000068,3000,GOODS_ISSUE,18.06.2025 21:48:40,332,HU249564,A-05-01,A-04-05,PC,OP103,C
0000700387,4500000069,3000,PICK_START,29.07.2025 06:00:00,232,HU930892,A-01-01,A-01-04,PC,OP238,C
0000700388,4500000069,3000,PICK_CONFIRM,29.07.2025 10:40:42,232,HU930892,A-01-01,A-01-04,PC,OP238,C
0000700389,4500000069,3000,PACK_START,29.07.2025 13:36:47,232,HU930892,A-01-01,A-01-04,PC,OP238,C
0000700390,4500000069,3000,PACK_CONFIRM,29.07.2025 16:17:53,232,HU930892,A-01-01,A-01-04,PC,OP238,C
0000700391,4500000069,3000,LOAD,29.07.2025 18:05:01,232,HU930892,A-01-01,A-01-04,PC,OP238,C
0000700392,4500000069,3000,GOODS_ISSUE,29.07.2025 19:36:15,232,HU930892,A-01-01,A-01-04,PC,OP238,C
0000700393,4500000070,1000,PICK_START,31.05.2025 07:00:00,236,HU871889,A-03-01,A-05-03,PC,OP121,C
0000700394,4500000070,1000,PICK_CONFIRM,31.05.2025 10:44:59,236,HU871889,A-03-01,A-05-03,PC,OP121,C
0000700396,4500000070,1000,PACK_CONFIRM,31.05.2025 14:43:20,236,HU871889,A-03-01,A-05-03,PC,OP121,C
0000700395,4500000070,1000,PACK_START,31.05.2025 13:14:59,236,HU871889,A-03-01,A-05-03,PC,OP121,C
0000700397,4500000070,1000,LOAD,31.05.2025 17:51:03,236,HU871889,A-03-01,A-05-03,PC,OP121,C
0000700398,4500000070,1000,GOODS_ISSUE,31.05.2025 20:15:05,236,HU871889,A-03-01,A-05-03,PC,OP121,C
0000700399,4500000071,4000,PICK_START,29.05.2025 07:00:00,18,HU312149,A-01-05,A-04-01,PC,OP294,C
0000700400,4500000071,4000,PICK_CONFIRM,29.05.2025 09:32:47,18,HU312149,A-01-05,A-04-01,PC,OP294,C
0000700401,4500000071,4000,PACK_START,29.05.2025 14:08:26,18,HU312149,A-01-05,A-04-01,PC,OP294,C
0000700402,4500000071,4000,PACK_CONFIRM,29.05.2025 16:43:04,18,HU312149,A-01-05,A-04-01,PC,OP294,C
0000700403,4500000071,4000,LOAD,29.05.2025 20:01:31,18,HU312149,A-01-05,A-04-01,PC,OP294,C
0000700404,4500000071,4000,GOODS_ISSUE,29.05.2025 22:40:19,18,HU312149,A-01-05,A-04-01,PC,OP294,C
0000700405,4500000072,2000,PICK_START,04.07.2025 08:00:00,287,HU690192,A-03-05,A-02-01,PC,OP178,C
0000700406,4500000072,2000,PICK_CONFIRM,04.07.2025 10:31:14,287,HU690192,A-03-05,A-02-01,PC,OP178,C
0000700407,4500000072,2000,PACK_START,04.07.2025 16:11:39,287,HU690192,A-03-05,A-02-01,PC,OP178,C
0000700408,4500000072,2000,PACK_CONFIRM,04.07.2025 17:52:14,287,HU690192,A-03-05,A-02-01,PC,OP178,C
0000700410,4500000072,2000,GOODS_ISSUE,04.07.2025 23:45:03,287,HU690192,A-03-05,A-02-01,PC,OP178,C
0000700409,4500000072,2000,LOAD,04.07.2025 21:42:47,287,HU690192,A-03-05,A-02-01,PC,OP178,C
0000700411,4500000073,1000,PICK_START,20.05.2025 07:00:00,262,HU447871,A-04-01,A-01-05,PC,OP162,C
0000700412,4500000073,1000,PICK_CONFIRM,20.05.2025 08:13:38,262,HU447871,A-04-01,A-01-05,PC,OP162,C
0000700413,4500000073,1000,PACK_START,20.05.2025 12:06:40,262,HU447871,A-04-01,A-01-05,PC,OP162,C
0000700414,4500000073,1000,PACK_CONFIRM,20.05.2025 15:03:52,262,HU447871,A-04-01,A-01-05,PC,OP162,C
0000700415,4500000073,1000,LOAD,20.05.2025 18:21:55,262,HU447871,A-04-01,A-01-05,PC,OP162,C
0000700416,4500000073,1000,GOODS_ISSUE,20.05.2025 20:11:54,262,HU447871,A-04-01,A-01-05,PC,OP162,C
0000700417,4500000074,2000,PICK_START,25.07.2025 11:00:00,355,HU158589,A-04-03,A-05-03,PC,OP168,C
0000700418,4500000074,2000,PICK_CONFIRM,25.07.2025 15:01:59,355,HU158589,A-04-03,A-05-03,PC,OP168,C
0000700419,4500000074,2000,PACK_START,25.07.2025 19:37:30,355,HU158589,A-04-03,A-05-03,PC,OP168,C
0000700420,4500000074,2000,PACK_CONFIRM,25.07.2025 22:49:39,355,HU158589,A-04-03,A-05-03,PC,OP168,C
0000700421,4500000074,2000,LOAD,26.07.2025 02:24:36,355,HU158589,A-04-03,A-05-03,PC,OP168,C
0000700422,4500000074,2000,GOODS_ISSUE,26.07.2025 05:21:38,355,HU158589,A-04-03,A-05-03,PC,OP168,C
0000700423,4500000075,1000,PICK_START,13.06.2025 11:00:00,141,HU757966,A-04-03,A-01-04,PC,OP105,C
0000700424,4500000075,1000,PICK_CONFIRM,13.06.2025 16:40:07,141,HU757966,A-04-03,A-01-04,PC,OP105,C
0000700425,4500000075,1000,PACK_START,13.06.2025 18:37:04,141,HU757966,A-04-03,A-01-04,PC,OP105,C
0000700426,4500000075,1000,PACK_CONFIRM,13.06.2025 20:05:45,141,HU757966,A-04-03,A-01-04,PC,OP105,C
0000700427,4500000075,1000,LOAD,14.06.2025 00:05:01,141,HU757966,A-04-03,A-01-04,PC,OP105,C
0000700428,4500000075,1000,GOODS_ISSUE,14.06.2025 02:01:02,141,HU757966,A-04-03,A-01-04,PC,OP105,C
0000700429,4500000076,2000,PICK_START,09.07.2025 06:00:00,303,HU964996,A-01-02,A-01-04,PC,OP239,C
0000700430,4500000076,2000,PICK_CONFIRM,09.07.2025 11:14:09,303,HU964996,A-01-02,A-01-04,PC,OP239,C
0000700431,4500000076,2000,PACK_START,09.07.2025 16:38:53,303,HU964996,A-01-02,A-01-04,PC,OP239,C
0000700432,4500000076,2000,PACK_CONFIRM,09.07.2025 19:49:50,303,HU964996,A-01-02,A-01-04,PC,OP239,C
0000700433,4500000076,2000,LOAD,09.07.2025 23:07:20,303,HU964996,A-01-02,A-01-04,PC,OP239,C
0000700434,4500000076,2000,GOODS_ISSUE,10.07.2025 00:51:14,303,HU964996,A-01-02,A-01-04,PC,OP239,C
0000700435,4500000077,4000,PICK_START,14.07.2025 14:00:00,263,HU411152,A-01-04,A-04-02,PC,OP206,C
0000700436,4500000077,4000,PICK_CONFIRM,14.07.2025 19:41:41,263,HU411152,A-01-04,A-04-02,PC,OP206,C
0000700437,4500000077,4000,PACK_START,14.07.2025 21:41:24,263,HU411152,A-01-04,A-04-02,PC,OP206,C
0000700438,4500000077,4000,PACK_CONFIRM,15.07.2025 00:13:02,263,HU411152,A-01-04,A-04-02,PC,OP206,C
0000700439,4500000077,4000,LOAD,15.07.2025 02:43:03,263,HU411152,A-01-04,A-04-02,PC,OP206,C
0000700440,4500000077,4000,GOODS_ISSUE,15.07.2025 03:48:29,263,HU411152,A-01-04,A-04-02,PC,OP206,C
0000700441,4500000078,2000,PICK_START,25.05.2025 14:00:00,172,HU248724,A-01-01,A-02-03,PC,OP106,C
0000700442,4500000078,2000,PICK_CONFIRM,25.05.2025 17:39:42,172,HU248724,A-01-01,A-02-03,PC,OP106,C
0000700444,4500000078,2000,PACK_CONFIRM,25.05.2025 23:36:28,172,HU248724,A-01-01,A-02-03,PC,OP106,C
0000700443,4500000078,2000,PACK_START,25.05.2025 20:09:38,172,HU248724,A-01-01,A-02-03,PC,OP106,C
0000700446,4500000078,2000,GOODS_ISSUE,26.05.2025 04:03:38,172,HU248724,A-01-01,A-02-03,PC,OP106,C
0000700445,4500000078,2000,LOAD,26.05.2025 01:42:46,172,HU248724,A-01-01,A-02-03,PC,OP106,C
0000700447,4500000079,2000,PICK_START,21.07.2025 07:00:00,374,HU337686,A-03-04,A-03-03,PC,OP137,C
0000700448,4500000079,2000,PICK_CONFIRM,21.07.2025 08:57:14,374,HU337686,A-03-04,A-03-03,PC,OP137,C
0000700449,4500000079,2000,PACK_START,21.07.2025 12:02:52,374,HU337686,A-03-04,A-03-03,PC,OP137,C
0000700450,4500000079,2000,PACK_CONFIRM,21.07.2025 14:17:12,374,HU337686,A-03-04,A-03-03,PC,OP137,C
0000700452,4500000079,2000,GOODS_ISSUE,21.07.2025 17:54:07,374,HU337686,A-03-04,A-03-03,PC,OP137,C
0000700451,4500000079,2000,LOAD,21.07.2025 15:53:54,374,HU337686,A-03-04,A-03-03,PC,OP137,C
0000700453,4500000080,3000,PICK_START,11.07.2025 16:00:00,344,HU470472,A-05-01,A-02-05,PC,OP157,C
0000700454,4500000080,3000,PICK_CONFIRM,11.07.2025 20:12:59,344,HU470472,A-05-01,A-02-05,PC,OP157,C
0000700455,4500000080,3000,PACK_START,12.07.2025 00:16:00,344,HU470472,A-05-01,A-02-05,PC,OP157,C
0000700456,4500000080,3000,PACK_CONFIRM,12.07.2025 01:50:37,344,HU470472,A-05-01,A-02-05,PC,OP157,C
0000700457,4500000080,3000,LOAD,12.07.2025 03:34:59,344,HU470472,A-05-01,A-02-05,PC,OP157,C
0000700458,4500000080,3000,GOODS_ISSUE,12.07.2025 05:41:58,344,HU470472,A-05-01,A-02-05,PC,OP157,C
0000700459,4500000082,2000,PICK_START,22.05.2025 13:00:00,129,HU817663,A-03-03,A-05-02,PC,OP283,C
0000700460,4500000082,2000,PICK_CONFIRM,22.05.2025 14:30:09,129,HU817663,A-03-03,A-05-02,PC,OP283,C
0000700461,4500000082,2000,PACK_START,22.05.2025 15:31:43,129,HU817663,A-03-03,A-05-02,PC,OP283,C
0000700462,4500000082,2000,PACK_CONFIRM,22.05.2025 18:10:46,129,HU817663,A-03-03,A-05-02,PC,OP283,C
0000700463,4500000082,2000,LOAD,22.05.2025 21:58:01,129,HU817663,A-03-03,A-05-02,PC,OP283,C
0000700464,4500000082,2000,GOODS_ISSUE,22.05.2025 23:46:50,129,HU817663,A-03-03,A-05-02,PC,OP283,C
0000700465,4500000083,1000,PICK_START,10.06.2025 13:00:00,398,HU962752,A-01-04,A-04-01,PC,OP143,C
0000700466,4500000083,1000,PICK_CONFIRM,10.06.2025 14:55:53,398,HU962752,A-01-04,A-04-01,PC,OP143,C
0000700467,4500000083,1000,PACK_START,10.06.2025 20:17:34,398,HU962752,A-01-04,A-04-01,PC,OP143,C
0000700468,4500000083,1000,PACK_CONFIRM,10.06.2025 22:09:41,398,HU962752,A-01-04,A-04-01,PC,OP143,C
0000700469,4500000083,1000,LOAD,10.06.2025 23:16:25,398,HU962752,A-01-04,A-04-01,PC,OP143,C
0000700470,4500000083,1000,GOODS_ISSUE,11.06.2025 00:52:14,398,HU962752,A-01-04,A-04-01,PC,OP143,C
0000700471,4500000084,3000,PICK_START,23.05.2025 11:00:00,103,HU215485,A-02-03,A-01-04,PC,OP172,C
0000700472,4500000084,3000,PICK_CONFIRM,23.05.2025 15:57:13,103,HU215485,A-02-03,A-01-04,PC,OP172,C
0000700473,4500000084,3000,PACK_START,23.05.2025 20:44:24,103,HU215485,A-02-03,A-01-04,PC,OP172,C
0000700474,4500000084,3000,PACK_CONFIRM,23.05.2025 22:16:00,103,HU215485,A-02-03,A-01-04,PC,OP172,C
0000700475,4500000084,3000,LOAD,24.05.2025 01:50:06,103,HU215485,A-02-03,A-01-04,PC,OP172,C
0000700476,4500000084,3000,GOODS_ISSUE,24.05.2025 04:37:45,103,HU215485,A-02-03,A-01-04,PC,OP172,C
0000700477,4500000085,2000,PICK_START,29.07.2025 15:00:00,249,HU474664,A-01-03,A-04-05,PC,OP185,C
0000700478,4500000085,2000,PICK_CONFIRM,29.07.2025 19:36:51,249,HU474664,A-01-03,A-04-05,PC,OP185,C
0000700479,4500000085,2000,PACK_CONFIRM,30.07.2025 01:32:11,249,HU474664,A-01-03,A-04-05,PC,OP185,C
0000700480,4500000085,2000,LOAD,30.07.2025 04:36:53,249,HU474664,A-01-03,A-04-05,PC,OP185,C
0000700481,4500000085,2000,GOODS_ISSUE,30.07.2025 05:44:20,249,HU474664,A-01-03,A-04-05,PC,OP185,C
0000700482,4500000087,1000,PICK_START,15.05.2025 09:00:00,285,HU224099,A-03-02,A-01-03,PC,OP111,C
0000700483,4500000087,1000,PICK_CONFIRM,15.05.2025 13:35:04,285,HU224099,A-03-02,A-01-03,PC,OP111,C
0000700484,4500000087,1000,PACK_START,15.05.2025 19:04:44,285,HU224099,A-03-02,A-01-03,PC,OP111,C
0000700485,4500000087,1000,PACK_CONFIRM,15.05.2025 21:24:55,285,HU224099,A-03-02,A-01-03,PC,OP111,C
0000700486,4500000087,1000,LOAD,15.05.2025 22:34:56,285,HU224099,A-03-02,A-01-03,PC,OP111,C
0000700487,4500000087,1000,GOODS_ISSUE,15.05.2025 23:50:46,285,HU224099,A-03-02,A-01-03,PC,OP111,C
0000700488,4500000088,1000,PICK_START,31.07.2025 07:00:00,207,HU733870,A-01-05,A-02-01,PC,OP209,C
0000700489,4500000088,1000,PICK_CONFIRM,31.07.2025 10:42:20,207,HU733870,A-01-05,A-02-01,PC,OP209,C
0000700490,4500000088,1000,PACK_START,31.07.2025 16:10:36,207,HU733870,A-01-05,A-02-01,PC,OP209,C
0000700491,4500000088,1000,PACK_CONFIRM,31.07.2025 20:08:07,207,HU733870,A-01-05,A-02-01,PC,OP209,C
0000700492,4500000088,1000,LOAD,31.07.2025 22:33:05,207,HU733870,A-01-05,A-02-01,PC,OP209,C
0000700493,4500000089,4000,PICK_START,22.06.2025 12:00:00,197,HU656249,A-03-01,A-04-05,PC,OP146,C
0000700494,4500000089,4000,PICK_CONFIRM,22.06.2025 15:38:39,197,HU656249,A-03-01,A-04-05,PC,OP146,C
0000700495,4500000089,4000,PACK_START,22.06.2025 17:45:27,197,HU656249,A-03-01,A-04-05,PC,OP146,C
0000700496,4500000089,4000,PACK_CONFIRM,22.06.2025 18:46:05,197,HU656249,A-03-01,A-04-05,PC,OP146,C
0000700497,4500000089,4000,LOAD,22.06.2025 19:50:10,197,HU656249,A-03-01,A-04-05,PC,OP146,C
0000700498,4500000089,4000,GOODS_ISSUE,22.06.2025 21:25:58,197,HU656249,A-03-01,A-04-05,PC,OP146,C
0000700499,4500000090,3000,PICK_START,02.06.2025 09:00:00,84,HU812437,A-03-04,A-01-05,PC,OP270,C
0000700500,4500000090,3000,PICK_CONFIRM,02.06.2025 11:01:49,84,HU812437,A-03-04,A-01-05,PC,OP270,C
0000700501,4500000090,3000,PACK_START,02.06.2025 12:11:53,84,HU812437,A-03-04,A-01-05,PC,OP270,C
0000700502,4500000090,3000,PACK_CONFIRM,02.06.2025 14:59:29,84,HU812437,A-03-04,A-01-05,PC,OP270,C
0000700503,4500000090,3000,LOAD,02.06.2025 18:06:05,84,HU812437,A-03-04,A-01-05,PC,OP270,C
0000700504,4500000090,3000,GOODS_ISSUE,02.06.2025 19:11:55,84,HU812437,A-03-04,A-01-05,PC,OP270,C
0000700505,4500000091,3000,PICK_START,12.05.2025 08:00:00,124,HU820540,A-02-05,A-04-05,PC,OP173,C
0000700506,4500000091,3000,PICK_CONFIRM,12.05.2025 13:55:42,124,HU820540,A-02-05,A-04-05,PC,OP173,C
0000700507,4500000091,3000,PACK_START,12.05.2025 16:59:46,124,HU820540,A-02-05,A-04-05,PC,OP173,C
0000700508,4500000091,3000,PACK_CONFIRM,12.05.2025 18:49:18,124,HU820540,A-02-05,A-04-05,PC,OP173,C
0000700509,4500000091,3000,LOAD,12.05.2025 21:29:30,124,HU820540,A-02-05,A-04-05,PC,OP173,C
0000700510,4500000091,3000,GOODS_ISSUE,12.05.2025 23:40:30,124,HU820540,A-02-05,A-04-05,PC,OP173,C
0000700511,4500000092,3000,PICK_START,15.07.2025 08:00:00,334,HU465308,A-01-04,A-02-04,PC,OP227,C
0000700512,4500000092,3000,PICK_CONFIRM,15.07.2025 12:46:19,334,HU465308,A-01-04,A-02-04,PC,OP227,C
0000700513,4500000092,3000,PACK_START,15.07.2025 18:01:07,334,HU465308,A-01-04,A-02-04,PC,OP227,C
0000700514,4500000092,3000,PACK_CONFIRM,15.07.2025 19:55:15,334,HU465308,A-01-04,A-02-04,PC,OP227,C
0000700515,4500000092,3000,LOAD,15.07.2025 23:02:37,334,HU465308,A-01-04,A-02-04,PC,OP227,C
0000700516,4500000092,3000,GOODS_ISSUE,16.07.2025 01:39:18,334,HU465308,A-01-04,A-02-04,PC,OP227,C
0000700517,4500000093,2000,PICK_START,23.06.2025 12:00:00,174,HU793875,A-03-02,A-02-04,PC,OP282,C
0000700518,4500000093,2000,PICK_CONFIRM,23.06.2025 16:22:06,174,HU793875,A-03-02,A-02-04,PC,OP282,C
0000700519,4500000093,2000,PACK_START,23.06.2025 21:44:11,174,HU793875,A-03-02,A-02-04,PC,OP282,C
0000700520,4500000093,2000,PACK_CONFIRM,23.06.2025 23:18:03,174,HU793875,A-03-02,A-02-04,PC,OP282,C
0000700521,4500000093,2000,LOAD,24.06.2025 02:35:09,174,HU793875,A-03-02,A-02-04,PC,OP282,C
0000700522,4500000093,2000,GOODS_ISSUE,24.06.2025 05:02:04,174,HU793875,A-03-02,A-02-04,PC,OP282,C
0000700523,4500000094,2000,PICK_START,05.05.2025 14:00:00,384,HU937480,A-01-03,A-01-01,PC,OP138,C
0000700524,4500000094,2000,PICK_CONFIRM,05.05.2025 16:36:29,384,HU937480,A-01-03,A-01-01,PC,OP138,C
0000700525,4500000094,2000,PACK_START,05.05.2025 19:56:21,384,HU937480,A-01-03,A-01-01,PC,OP138,C
0000700526,4500000094,2000,PACK_CONFIRM,05.05.2025 22:53:07,384,HU937480,A-01-03,A-01-01,PC,OP138,C
0000700527,4500000094,2000,LOAD,06.05.2025 00:48:38,384,HU937480,A-01-03,A-01-01,PC,OP138,C
0000700528,4500000094,2000,GOODS_ISSUE,06.05.2025 02:31:48,384,HU937480,A-01-03,A-01-01,PC,OP138,C
0000700529,4500000095,3000,PICK_START,13.06.2025 09:00:00,216,HU915565,A-05-01,A-01-05,PC,OP181,C
0000700530,4500000095,3000,PICK_CONFIRM,13.06.2025 11:38:57,216,HU915565,A-05-01,A-01-05,PC,OP181,C
0000700531,4500000095,3000,PACK_START,13.06.2025 16:48:58,216,HU915565,A-05-01,A-01-05,PC,OP181,C
0000700532,4500000095,3000,PACK_CONFIRM,13.06.2025 19:18:50,216,HU915565,A-05-01,A-01-05,PC,OP181,C
0000700533,4500000095,3000,LOAD,13.06.2025 22:16:40,216,HU915565,A-05-01,A-01-05,PC,OP181,C
0000700534,4500000095,3000,GOODS_ISSUE,14.06.2025 00:38:51,216,HU915565,A-05-01,A-01-05,PC,OP181,C
0000700535,4500000096,3000,PICK_START,01.07.2025 07:00:00,91,HU254958,A-03-03,A-03-05,PC,OP284,C
0000700536,4500000096,3000,PICK_CONFIRM,01.07.2025 12:43:33,91,HU254958,A-03-03,A-03-05,PC,OP284,C
0000700537,4500000096,3000,PACK_START,01.07.2025 17:32:51,91,HU254958,A-03-03,A-03-05,PC,OP284,C
0000700538,4500000096,3000,PACK_CONFIRM,01.07.2025 19:47:05,91,HU254958,A-03-03,A-03-05,PC,OP284,C
0000700539,4500000096,3000,LOAD,01.07.2025 23:18:44,91,HU254958,A-03-03,A-03-05,PC,OP284,C
0000700540,4500000096,3000,GOODS_ISSUE,02.07.2025 00:46:31,91,HU254958,A-03-03,A-03-05,PC,OP284,C
0000700541,4500000097,4000,PICK_START,20.06.2025 14:00:00,342,HU935558,A-04-01,A-01-03,PC,OP128,C
0000700542,4500000097,4000,PICK_CONFIRM,20.06.2025 19:03:56,342,HU935558,A-04-01,A-01-03,PC,OP128,C
0000700543,4500000097,4000,PACK_START,21.06.2025 00:05:47,342,HU935558,A-04-01,A-01-03,PC,OP128,C
0000700544,4500000097,4000,PACK_CONFIRM,21.06.2025 03:49:33,342,HU935558,A-04-01,A-01-03,PC,OP128,C
0000700545,4500000097,4000,LOAD,21.06.2025 05:08:49,342,HU935558,A-04-01,A-01-03,PC,OP128,C
0000700546,4500000097,4000,GOODS_ISSUE,21.06.2025 06:20:22,342,HU935558,A-04-01,A-01-03,PC,OP128,C
0000700547,4500000098,4000,PICK_START,20.06.2025 06:00:00,45,HU705912,A-03-04,A-05-04,PC,OP171,C
0000700548,4500000098,4000,PICK_CONFIRM,20.06.2025 07:28:03,45,HU705912,A-03-04,A-05-04,PC,OP171,C
0000700550,4500000098,4000,PACK_CONFIRM,20.06.2025 12:23:57,45,HU705912,A-03-04,A-05-04,PC,OP171,C
0000700549,4500000098,4000,PACK_START,20.06.2025 11:13:51,45,HU705912,A-03-04,A-05-04,PC,OP171,C
0000700551,4500000098,4000,LOAD,20.06.2025 13:25:39,45,HU705912,A-03-04,A-05-04,PC,OP171,C
0000700552,4500000098,4000,GOODS_ISSUE,20.06.2025 14:46:13,45,HU705912,A-03-04,A-05-04,PC,OP171,C
0000700553,4500000099,2000,PICK_START,10.07.2025 11:00:00,359,HU251695,A-01-03,A-03-01,PC,OP132,C
0000700554,4500000099,2000,PICK_CONFIRM,10.07.2025 12:04:41,359,HU251695,A-01-03,A-03-01,PC,OP132,C
0000700555,4500000099,2000,PACK_START,10.07.2025 13:47:57,359,HU251695,A-01-03,A-03-01,PC,OP132,C
0000700556,4500000099,2000,PACK_CONFIRM,10.07.2025 17:15:40,359,HU251695,A-01-03,A-03-01,PC,OP132,C
0000700557,4500000099,2000,LOAD,10.07.2025 20:43:26,359,HU251695,A-01-03,A-03-01,PC,OP132,C
0000700558,4500000099,2000,GOODS_ISSUE,10.07.2025 23:34:54,359,HU251695,A-01-03,A-03-01,PC,OP132,C
0000700559,4500000100,4000,PICK_START,29.07.2025 12:00:00,391,HU290706,A-05-05,A-03-03,PC,OP190,C
0000700560,4500000100,4000,PICK_CONFIRM,29.07.2025 14:09:38,391,HU290706,A-05-05,A-03-03,PC,OP190,C
0000700562,4500000100,4000,PACK_CONFIRM,29.07.2025 21:01:41,391,HU290706,A-05-05,A-03-03,PC,OP190,C
0000700561,4500000100,4000,PACK_START,29.07.2025 18:11:11,391,HU290706,A-05-05,A-03-03,PC,OP190,C
0000700563,4500000100,4000,LOAD,29.07.2025 23:48:53,391,HU290706,A-05-05,A-03-03,PC,OP190,C
0000700564,4500000100,4000,GOODS_ISSUE,30.07.2025 02:45:10,391,HU290706,A-05-05,A-03-03,PC,OP190,C
0000700565,4500000101,4000,PICK_START,04.06.2025 07:00:00,226,HU434826,A-04-01,A-03-04,PC,OP223,C
0000700566,4500000101,4000,PICK_CONFIRM,04.06.2025 08:24:36,226,HU434826,A-04-01,A-03-04,PC,OP223,C
0000700567,4500000101,4000,PACK_START,04.06.2025 12:58:06,226,HU434826,A-04-01,A-03-04,PC,OP223,C
0000700568,4500000101,4000,PACK_CONFIRM,04.06.2025 15:52:13,226,HU434826,A-04-01,A-03-04,PC,OP223,C
0000700569,4500000101,4000,LOAD,04.06.2025 19:05:21,226,HU434826,A-04-01,A-03-04,PC,OP223,C
0000700570,4500000101,4000,GOODS_ISSUE,04.06.2025 20:43:21,226,HU434826,A-04-01,A-03-04,PC,OP223,C
0000700571,4500000102,1000,PICK_START,09.06.2025 15:00:00,100,HU827104,A-03-04,A-04-05,PC,OP262,C
0000700572,4500000102,1000,PICK_CONFIRM,09.06.2025 19:55:19,100,HU827104,A-03-04,A-04-05,PC,OP262,C
0000700573,4500000102,1000,PACK_START,09.06.2025 20:59:02,100,HU827104,A-03-04,A-04-05,PC,OP262,C
0000700574,4500000102,1000,PACK_CONFIRM,09.06.2025 23:13:31,100,HU827104,A-03-04,A-04-05,PC,OP262,C
0000700575,4500000102,1000,LOAD,10.06.2025 02:33:46,100,HU827104,A-03-04,A-04-05,PC,OP262,C
0000700576,4500000102,1000,GOODS_ISSUE,10.06.2025 05:00:45,100,HU827104,A-03-04,A-04-05,PC,OP262,C
0000700577,4500000103,2000,PICK_START,31.07.2025 07:00:00,142,HU449663,A-01-05,A-05-01,PC,OP162,C
0000700578,4500000103,2000,PICK_CONFIRM,31.07.2025 09:48:20,142,HU449663,A-01-05,A-05-01,PC,OP162,C
0000700579,4500000103,2000,PACK_START,31.07.2025 14:24:36,142,HU449663,A-01-05,A-05-01,PC,OP162,C
0000700580,4500000103,2000,PACK_CONFIRM,31.07.2025 16:53:51,142,HU449663,A-01-05,A-05-01,PC,OP162,C
0000700581,4500000103,2000,LOAD,31.07.2025 19:44:51,142,HU449663,A-01-05,A-05-01,PC,OP162,C
0000700582,4500000103,2000,GOODS_ISSUE,31.07.2025 21:39:47,142,HU449663,A-01-05,A-05-01,PC,OP162,C
0000700583,4500000104,4000,PICK_START,16.06.2025 08:00:00,338,HU501798,A-03-04,A-04-03,PC,OP227,C
0000700584,4500000104,4000,PICK_CONFIRM,16.06.2025 13:49:22,338,HU501798,A-03-04,A-04-03,PC,OP227,C
0000700585,4500000104,4000,PACK_START,16.06.2025 16:16:48,338,HU501798,A-03-04,A-04-03,PC,OP227,C
0000700586,4500000104,4000,PACK_CONFIRM,16.06.2025 19:21:53,338,HU501798,A-03-04,A-04-03,PC,OP227,C
0000700587,4500000104,4000,LOAD,16.06.2025 21:50:16,338,HU501798,A-03-04,A-04-03,PC,OP227,C
0000700588,4500000104,4000,GOODS_ISSUE,16.06.2025 23:59:23,338,HU501798,A-03-04,A-04-03,PC,OP227,C
0000700589,4500000105,2000,PICK_START,19.05.2025 16:00:00,354,HU664917,A-04-03,A-04-01,PC,OP236,C
0000700590,4500000105,2000,PICK_CONFIRM,19.05.2025 19:29:47,354,HU664917,A-04-03,A-04-01,PC,OP236,C
0000700591,4500000105,2000,PACK_START,19.05.2025 21:42:23,354,HU664917,A-04-03,A-04-01,PC,OP236,C
0000700592,4500000105,2000,PACK_CONFIRM,20.05.2025 00:40:57,354,HU664917,A-04-03,A-04-01,PC,OP236,C
0000700593,4500000105,2000,LOAD,20.05.2025 03:49:41,354,HU664917,A-04-03,A-04-01,PC,OP236,C
0000700594,4500000105,2000,GOODS_ISSUE,20.05.2025 06:24:23,354,HU664917,A-04-03,A-04-01,PC,OP236,C
0000700595,4500000106,4000,PICK_START,13.07.2025 15:00:00,283,HU662259,A-02-03,A-03-03,PC,OP121,C
0000700596,4500000106,4000,PICK_CONFIRM,13.07.2025 16:13:17,283,HU662259,A-02-03,A-03-03,PC,OP121,C
0000700597,4500000106,4000,PACK_START,13.07.2025 20:36:31,283,HU662259,A-02-03,A-03-03,PC,OP121,C
0000700598,4500000106,4000,PACK_CONFIRM,13.07.2025 22:48:27,283,HU662259,A-02-03,A-03-03,PC,OP121,C
0000700599,4500000106,4000,LOAD,14.07.2025 02:03:56,283,HU662259,A-02-03,A-03-03,PC,OP121,C
0000700600,4500000106,4000,GOODS_ISSUE,14.07.2025 04:59:49,283,HU662259,A-02-03,A-03-03,PC,OP121,C
0000700601,4500000107,2000,PICK_START,09.07.2025 12:00:00,233,HU709184,A-05-03,A-03-04,PC,OP234,C
0000700602,4500000107,2000,PICK_CONFIRM,09.07.2025 17:36:09,233,HU709184,A-05-03,A-03-04,PC,OP234,C
0000700604,4500000107,2000,PACK_CONFIRM,10.07.2025 01:56:59,233,HU709184,A-05-03,A-03-04,PC,OP234,C
0000700603,4500000107,2000,PACK_START,09.07.2025 22:45:33,233,HU709184,A-05-03,A-03-04,PC,OP234,C
0000700605,4500000107,2000,LOAD,10.07.2025 03:59:41,233,HU709184,A-05-03,A-03-04,PC,OP234,C
0000700606,4500000107,2000,GOODS_ISSUE,10.07.2025 05:40:51,233,HU709184,A-05-03,A-03-04,PC,OP234,C
0000700607,4500000108,4000,PICK_START,16.05.2025 09:00:00,168,HU705947,A-05-05,A-05-03,PC,OP291,C
0000700608,4500000108,4000,PICK_CONFIRM,16.05.2025 12:34:47,168,HU705947,A-05-05,A-05-03,PC,OP291,C
0000700609,4500000108,4000,PACK_START,16.05.2025 15:14:05,168,HU705947,A-05-05,A-05-03,PC,OP291,C
0000700610,4500000108,4000,PACK_CONFIRM,16.05.2025 17:30:50,168,HU705947,A-05-05,A-05-03,PC,OP291,C
0000700611,4500000108,4000,LOAD,16.05.2025 19:54:00,168,HU705947,A-05-05,A-05-03,PC,OP291,C
0000700612,4500000108,4000,GOODS_ISSUE,16.05.2025 22:29:44,168,HU705947,A-05-05,A-05-03,PC,OP291,C
0000700613,4500000109,2000,PICK_START,23.06.2025 14:00:00,235,HU329988,A-05-03,A-01-03,PC,OP160,C
0000700614,4500000109,2000,PICK_CONFIRM,23.06.2025 15:56:05,235,HU329988,A-05-03,A-01-03,PC,OP160,C
0000700615,4500000109,2000,PACK_START,23.06.2025 19:13:21,235,HU329988,A-05-03,A-01-03,PC,OP160,C
0000700616,4500000109,2000,PACK_CONFIRM,23.06.2025 21:00:34,235,HU329988,A-05-03,A-01-03,PC,OP160,C
0000700617,4500000109,2000,LOAD,24.06.2025 00:35:51,235,HU329988,A-05-03,A-01-03,PC,OP160,C
0000700618,4500000109,2000,GOODS_ISSUE,24.06.2025 02:39:10,235,HU329988,A-05-03,A-01-03,PC,OP160,C
0000700619,4500000110,3000,PICK_START,18.07.2025 09:00:00,239,HU479279,A-01-01,A-02-02,PC,OP104,C
0000700620,4500000110,3000,PICK_CONFIRM,18.07.2025 11:31:36,239,HU479279,A-01-01,A-02-02,PC,OP104,C
0000700621,4500000110,3000,PACK_START,18.07.2025 15:59:38,239,HU479279,A-01-01,A-02-02,PC,OP104,C
0000700622,4500000110,3000,PACK_CONFIRM,18.07.2025 18:31:35,239,HU479279,A-01-01,A-02-02,PC,OP104,C
0000700623,4500000110,3000,LOAD,18.07.2025 20:46:52,239,HU479279,A-01-01,A-02-02,PC,OP104,C
0000700624,4500000110,3000,GOODS_ISSUE,18.07.2025 22:03:25,239,HU479279,A-01-01,A-02-02,PC,OP104,C
0000700625,4500000111,3000,PICK_START,14.07.2025 09:00:00,76,HU480002,A-04-03,A-04-01,PC,OP134,C
0000700626,4500000111,3000,PICK_CONFIRM,14.07.2025 14:04:33,76,HU480002,A-04-03,A-04-01,PC,OP134,C
0000700627,4500000111,3000,PACK_START,14.07.2025 17:36:11,76,HU480002,A-04-03,A-04-01,PC,OP134,C
0000700628,4500000111,3000,PACK_CONFIRM,14.07.2025 20:05:17,76,HU480002,A-04-03,A-04-01,PC,OP134,C
0000700629,4500000111,3000,LOAD,14.07.2025 23:08:32,76,HU480002,A-04-03,A-04-01,PC,OP134,C
0000700630,4500000111,3000,GOODS_ISSUE,15.07.2025 00:58:24,76,HU480002,A-04-03,A-04-01,PC,OP134,C
0000700631,4500000112,3000,PICK_START,03.06.2025 07:00:00,120,HU215507,A-01-02,A-03-02,PC,OP192,C
0000700632,4500000112,3000,PICK_CONFIRM,03.06.2025 10:51:48,120,HU215507,A-01-02,A-03-02,PC,OP192,C
0000700633,4500000112,3000,PACK_START,03.06.2025 14:34:44,120,HU215507,A-01-02,A-03-02,PC,OP192,C
0000700634,4500000112,3000,PACK_CONFIRM,03.06.2025 18:33:06,120,HU215507,A-01-02,A-03-02,PC,OP192,C
0000700635,4500000112,3000,LOAD,03.06.2025 21:10:40,120,HU215507,A-01-02,A-03-02,PC,OP192,C
0000700636,4500000112,3000,GOODS_ISSUE,03.06.2025 23:41:29,120,HU215507,A-01-02,A-03-02,PC,OP192,C
0000700637,4500000113,1000,PICK_START,17.05.2025 15:00:00,235,HU989980,A-05-05,A-01-05,PC,OP175,C
0000700638,4500000113,1000,PICK_CONFIRM,17.05.2025 19:26:44,235,HU989980,A-05-05,A-01-05,PC,OP175,C
0000700639,4500000113,1000,PACK_START,17.05.2025 23:29:49,235,HU989980,A-05-05,A-01-05,PC,OP175,C
0000700640,4500000113,1000,PACK_CONFIRM,18.05.2025 01:46:53,235,HU989980,A-05-05,A-01-05,PC,OP175,C
0000700641,4500000113,1000,LOAD,18.05.2025 04:37:47,235,HU989980,A-05-05,A-01-05,PC,OP175,C
0000700642,4500000113,1000,GOODS_ISSUE,18.05.2025 07:11:58,235,HU989980,A-05-05,A-01-05,PC,OP175,C
0000700643,4500000114,3000,PICK_START,20.07.2025 16:00:00,365,HU582752,A-01-05,A-04-03,PC,OP207,C
0000700644,4500000114,3000,PICK_CONFIRM,20.07.2025 17:38:03,365,HU582752,A-01-05,A-04-03,PC,OP207,C
0000700645,4500000114,3000,PACK_START,20.07.2025 19:52:58,365,HU582752,A-01-05,A-04-03,PC,OP207,C
0000700646,4500000114,3000,PACK_CONFIRM,20.07.2025 23:01:01,365,HU582752,A-01-05,A-04-03,PC,OP207,C
0000700647,4500000114,3000,LOAD,21.07.2025 02:30:08,365,HU582752,A-01-05,A-04-03,PC,OP207,C
0000700648,4500000114,3000,GOODS_ISSUE,21.07.2025 05:01:31,365,HU582752,A-01-05,A-04-03,PC,OP207,C
0000700649,4500000115,4000,PICK_START,24.07.2025 13:00:00,43,HU354276,A-02-02,A-02-03,PC,OP114,C
0000700650,4500000115,4000,PICK_CONFIRM,24.07.2025 15:38:11,43,HU354276,A-02-02,A-02-03,PC,OP114,C
0000700651,4500000115,4000,PACK_CONFIRM,24.07.2025 22:16:52,43,HU354276,A-02-02,A-02-03,PC,OP114,C
0000700652,4500000115,4000,LOAD,25.07.2025 01:28:45,43,HU354276,A-02-02,A-02-03,PC,OP114,C
0000700653,4500000115,4000,GOODS_ISSUE,25.07.2025 03:56:28,43,HU354276,A-02-02,A-02-03,PC,OP114,C
0000700654,4500000116,2000,PICK_START,02.06.2025 06:00:00,258,HU883281,A-01-05,A-01-04,PC,OP278,C
0000700655,4500000116,2000,PICK_CONFIRM,02.06.2025 07:13:46,258,HU883281,A-01-05,A-01-04,PC,OP278,C
0000700656,4500000116,2000,PACK_START,02.06.2025 12:24:47,258,HU883281,A-01-05,A-01-04,PC,OP278,C
0000700657,4500000116,2000,PACK_CONFIRM,02.06.2025 13:27:43,258,HU883281,A-01-05,A-01-04,PC,OP278,C
0000700658,4500000116,2000,LOAD,02.06.2025 17:15:01,258,HU883281,A-01-05,A-01-04,PC,OP278,C
0000700659,4500000116,2000,GOODS_ISSUE,02.06.2025 18:33:58,258,HU883281,A-01-05,A-01-04,PC,OP278,C
0000700660,4500000117,3000,PICK_START,27.07.2025 16:00:00,52,HU838158,A-01-05,A-03-03,PC,OP287,C
0000700661,4500000117,3000,PICK_CONFIRM,27.07.2025 18:31:39,52,HU838158,A-01-05,A-03-03,PC,OP287,C
0000700662,4500000117,3000,PACK_START,27.07.2025 20:41:53,52,HU838158,A-01-05,A-03-03,PC,OP287,C
0000700663,4500000117,3000,PACK_CONFIRM,27.07.2025 23:39:52,52,HU838158,A-01-05,A-03-03,PC,OP287,C
0000700664,4500000117,3000,LOAD,28.07.2025 02:46:32,52,HU838158,A-01-05,A-03-03,PC,OP287,C
0000700665,4500000117,3000,GOODS_ISSUE,28.07.2025 03:46:40,52,HU838158,A-01-05,A-03-03,PC,OP287,C
0000700666,4500000118,3000,PICK_START,07.05.2025 07:00:00,66,HU127626,A-05-03,A-03-04,PC,OP195,C
0000700667,4500000118,3000,PICK_CONFIRM,07.05.2025 08:30:57,66,HU127626,A-05-03,A-03-04,PC,OP195,C
0000700668,4500000118,3000,PACK_START,07.05.2025 11:00:44,66,HU127626,A-05-03,A-03-04,PC,OP195,C
0000700669,4500000118,3000,PACK_CONFIRM,07.05.2025 13:09:37,66,HU127626,A-05-03,A-03-04,PC,OP195,C
0000700670,4500000118,3000,LOAD,07.05.2025 16:36:01,66,HU127626,A-05-03,A-03-04,PC,OP195,C
0000700672,4500000119,3000,PICK_START,21.07.2025 08:00:00,374,HU156710,A-05-03,A-01-04,PC,OP269,C
0000700671,4500000118,3000,GOODS_ISSUE,07.05.2025 19:20:58,66,HU127626,A-05-03,A-03-04,PC,OP195,C
0000700673,4500000119,3000,PICK_CONFIRM,21.07.2025 12:45:44,374,HU156710,A-05-03,A-01-04,PC,OP269,C
0000700674,4500000119,3000,PACK_START,21.07.2025 15:40:56,374,HU156710,A-05-03,A-01-04,PC,OP269,C
0000700675,4500000119,3000,PACK_CONFIRM,21.07.2025 19:34:19,374,HU156710,A-05-03,A-01-04,PC,OP269,C
0000700676,4500000119,3000,LOAD,21.07.2025 21:30:56,374,HU156710,A-05-03,A-01-04,PC,OP269,C
0000700677,4500000119,3000,GOODS_ISSUE,21.07.2025 22:47:43,374,HU156710,A-05-03,A-01-04,PC,OP269,C
0000700678,4500000121,4000,PICK_START,14.07.2025 10:00:00,399,HU709859,A-01-03,A-04-01,PC,OP252,C
0000700679,4500000121,4000,PICK_CONFIRM,14.07.2025 14:08:34,399,HU709859,A-01-03,A-04-01,PC,OP252,C
0000700680,4500000121,4000,PACK_START,14.07.2025 17:13:12,399,HU709859,A-01-03,A-04-01,PC,OP252,C
0000700681,4500000121,4000,PACK_CONFIRM,14.07.2025 20:19:31,399,HU709859,A-01-03,A-04-01,PC,OP252,C
0000700682,4500000121,4000,LOAD,14.07.2025 21:34:21,399,HU709859,A-01-03,A-04-01,PC,OP252,C
0000700683,4500000121,4000,GOODS_ISSUE,14.07.2025 23:38:45,399,HU709859,A-01-03,A-04-01,PC,OP252,C
0000700684,4500000122,2000,PICK_START,08.07.2025 07:00:00,279,HU265856,A-01-01,A-01-05,PC,OP193,C
0000700685,4500000122,2000,PICK_CONFIRM,08.07.2025 12:37:23,279,HU265856,A-01-01,A-01-05,PC,OP193,C
0000700686,4500000122,2000,PACK_START,08.07.2025 16:41:04,279,HU265856,A-01-01,A-01-05,PC,OP193,C
0000700687,4500000122,2000,PACK_CONFIRM,08.07.2025 17:50:58,279,HU265856,A-01-01,A-01-05,PC,OP193,C
0000700688,4500000122,2000,LOAD,08.07.2025 20:50:52,279,HU265856,A-01-01,A-01-05,PC,OP193,C
0000700689,4500000122,2000,GOODS_ISSUE,08.07.2025 23:09:50,279,HU265856,A-01-01,A-01-05,PC,OP193,C
0000700690,4500000123,3000,PICK_START,25.05.2025 10:00:00,90,HU248140,A-01-03,A-02-03,PC,OP119,C
0000700691,4500000123,3000,PICK_CONFIRM,25.05.2025 13:37:09,90,HU248140,A-01-03,A-02-03,PC,OP119,C
0000700692,4500000123,3000,PACK_START,25.05.2025 19:29:40,90,HU248140,A-01-03,A-02-03,PC,OP119,C
0000700693,4500000123,3000,PACK_CONFIRM,25.05.2025 22:22:37,90,HU248140,A-01-03,A-02-03,PC,OP119,C
0000700694,4500000123,3000,LOAD,26.05.2025 00:51:56,90,HU248140,A-01-03,A-02-03,PC,OP119,C
0000700695,4500000123,3000,GOODS_ISSUE,26.05.2025 02:53:13,90,HU248140,A-01-03,A-02-03,PC,OP119,C
0000700696,4500000124,1000,PICK_START,05.06.2025 08:00:00,121,HU113083,A-04-04,A-03-04,PC,OP138,C
0000700697,4500000124,1000,PICK_CONFIRM,05.06.2025 13:39:20,121,HU113083,A-04-04,A-03-04,PC,OP138,C
0000700698,4500000124,1000,PACK_START,05.06.2025 17:25:12,121,HU113083,A-04-04,A-03-04,PC,OP138,C
0000700699,4500000124,1000,PACK_CONFIRM,05.06.2025 21:09:43,121,HU113083,A-04-04,A-03-04,PC,OP138,C
0000700700,4500000124,1000,LOAD,06.06.2025 00:23:02,121,HU113083,A-04-04,A-03-04,PC,OP138,C
0000700701,4500000124,1000,GOODS_ISSUE,06.06.2025 02:13:21,121,HU113083,A-04-04,A-03-04,PC,OP138,C
0000700702,4500000125,1000,PICK_START,17.07.2025 11:00:00,96,HU902598,A-02-01,A-04-01,PC,OP290,C
0000700703,4500000125,1000,PICK_CONFIRM,17.07.2025 12:25:54,96,HU902598,A-02-01,A-04-01,PC,OP290,C
0000700704,4500000125,1000,PACK_START,17.07.2025 15:16:35,96,HU902598,A-02-01,A-04-01,PC,OP290,C
0000700705,4500000125,1000,PACK_CONFIRM,17.07.2025 17:09:04,96,HU902598,A-02-01,A-04-01,PC,OP290,C
0000700706,4500000125,1000,LOAD,17.07.2025 20:30:17,96,HU902598,A-02-01,A-04-01,PC,OP290,C
0000700707,4500000125,1000,GOODS_ISSUE,17.07.2025 22:59:02,96,HU902598,A-02-01,A-04-01,PC,OP290,C
0000700708,4500000126,1000,PICK_START,14.07.2025 10:00:00,214,HU246918,A-05-04,A-04-02,PC,OP278,C
0000700709,4500000126,1000,PICK_CONFIRM,14.07.2025 11:31:11,214,HU246918,A-05-04,A-04-02,PC,OP278,C
0000700710,4500000126,1000,PACK_START,14.07.2025 13:42:38,214,HU246918,A-05-04,A-04-02,PC,OP278,C
0000700711,4500000126,1000,PACK_CONFIRM,14.07.2025 16:11:12,214,HU246918,A-05-04,A-04-02,PC,OP278,C
0000700712,4500000126,1000,LOAD,14.07.2025 17:21:58,214,HU246918,A-05-04,A-04-02,PC,OP278,C
0000700713,4500000126,1000,GOODS_ISSUE,14.07.2025 20:21:36,214,HU246918,A-05-04,A-04-02,PC,OP278,C
0000700715,4500000128,2000,PICK_CONFIRM,22.05.2025 15:19:30,59,HU414056,A-04-01,A-03-04,PC,OP284,C
0000700714,4500000128,2000,PICK_START,22.05.2025 13:00:00,59,HU414056,A-04-01,A-03-04,PC,OP284,C
0000700716,4500000128,2000,PACK_START,22.05.2025 17:06:47,59,HU414056,A-04-01,A-03-04,PC,OP284,C
0000700717,4500000128,2000,PACK_CONFIRM,22.05.2025 20:10:16,59,HU414056,A-04-01,A-03-04,PC,OP284,C
0000700718,4500000128,2000,LOAD,22.05.2025 23:39:01,59,HU414056,A-04-01,A-03-04,PC,OP284,C
0000700719,4500000128,2000,GOODS_ISSUE,23.05.2025 02:02:39,59,HU414056,A-04-01,A-03-04,PC,OP284,C
0000700720,4500000129,1000,PICK_START,20.06.2025 14:00:00,351,HU453723,A-03-05,A-05-01,PC,OP277,C
0000700721,4500000129,1000,PICK_CONFIRM,20.06.2025 16:14:57,351,HU453723,A-03-05,A-05-01,PC,OP277,C
0000700722,4500000129,1000,PACK_START,20.06.2025 21:16:07,351,HU453723,A-03-05,A-05-01,PC,OP277,C
0000700723,4500000129,1000,PACK_CONFIRM,20.06.2025 22:41:17,351,HU453723,A-03-05,A-05-01,PC,OP277,C
0000700724,4500000129,1000,LOAD,20.06.2025 23:43:26,351,HU453723,A-03-05,A-05-01,PC,OP277,C
0000700725,4500000129,1000,GOODS_ISSUE,21.06.2025 02:23:05,351,HU453723,A-03-05,A-05-01,PC,OP277,C
0000700726,4500000130,3000,PICK_START,30.07.2025 13:00:00,43,HU113851,A-02-05,A-01-04,PC,OP139,C
0000700727,4500000130,3000,PICK_CONFIRM,30.07.2025 14:15:11,43,HU113851,A-02-05,A-01-04,PC,OP139,C
0000700728,4500000130,3000,PACK_START,30.07.2025 17:25:08,43,HU113851,A-02-05,A-01-04,PC,OP139,C
0000700729,4500000130,3000,PACK_CONFIRM,30.07.2025 20:35:32,43,HU113851,A-02-05,A-01-04,PC,OP139,C
0000700730,4500000130,3000,LOAD,30.07.2025 23:04:50,43,HU113851,A-02-05,A-01-04,PC,OP139,C
0000700731,4500000130,3000,GOODS_ISSUE,31.07.2025 00:50:45,43,HU113851,A-02-05,A-01-04,PC,OP139,C
0000700732,4500000131,2000,PICK_START,08.06.2025 10:00:00,22,HU162915,A-05-01,A-01-02,PC,OP254,C
0000700733,4500000131,2000,PICK_CONFIRM,08.06.2025 12:54:54,22,HU162915,A-05-01,A-01-02,PC,OP254,C
0000700734,4500000131,2000,PACK_START,08.06.2025 17:07:42,22,HU162915,A-05-01,A-01-02,PC,OP254,C
0000700735,4500000131,2000,PACK_CONFIRM,08.06.2025 20:31:11,22,HU162915,A-05-01,A-01-02,PC,OP254,C
0000700736,4500000131,2000,LOAD,08.06.2025 22:16:02,22,HU162915,A-05-01,A-01-02,PC,OP254,C
0000700737,4500000131,2000,GOODS_ISSUE,09.06.2025 01:15:19,22,HU162915,A-05-01,A-01-02,PC,OP254,C
0000700738,4500000132,4000,PICK_START,04.07.2025 10:00:00,181,HU887619,A-02-01,A-04-02,PC,OP141,C
0000700739,4500000132,4000,PICK_CONFIRM,04.07.2025 11:17:34,181,HU887619,A-02-01,A-04-02,PC,OP141,C
0000700740,4500000132,4000,PACK_START,04.07.2025 14:56:24,181,HU887619,A-02-01,A-04-02,PC,OP141,C
0000700741,4500000132,4000,PACK_CONFIRM,04.07.2025 18:14:26,181,HU887619,A-02-01,A-04-02,PC,OP141,C
0000700742,4500000132,4000,LOAD,04.07.2025 22:14:22,181,HU887619,A-02-01,A-04-02,PC,OP141,C
0000700743,4500000132,4000,GOODS_ISSUE,05.07.2025 01:11:14,181,HU887619,A-02-01,A-04-02,PC,OP141,C
0000700744,4500000133,4000,PICK_START,03.06.2025 06:00:00,186,HU111395,A-03-03,A-03-04,PC,OP274,C
0000700745,4500000133,4000,PICK_CONFIRM,03.06.2025 10:31:02,186,HU111395,A-03-03,A-03-04,PC,OP274,C
0000700746,4500000133,4000,PACK_START,03.06.2025 14:21:19,186,HU111395,A-03-03,A-03-04,PC,OP274,C
0000700747,4500000133,4000,PACK_CONFIRM,03.06.2025 15:46:54,186,HU111395,A-03-03,A-03-04,PC,OP274,C
0000700749,4500000133,4000,GOODS_ISSUE,03.06.2025 22:18:01,186,HU111395,A-03-03,A-03-04,PC,OP274,C
0000700748,4500000133,4000,LOAD,03.06.2025 19:37:36,186,HU111395,A-03-03,A-03-04,PC,OP274,C
0000700750,4500000134,1000,PICK_START,06.07.2025 08:00:00,124,HU576364,A-04-03,A-05-03,PC,OP166,C
0000700751,4500000134,1000,PICK_CONFIRM,06.07.2025 13:35:38,124,HU576364,A-04-03,A-05-03,PC,OP166,C
0000700752,4500000134,1000,PACK_START,06.07.2025 16:12:42,124,HU576364,A-04-03,A-05-03,PC,OP166,C
0000700753,4500000134,1000,PACK_CONFIRM,06.07.2025 17:16:39,124,HU576364,A-04-03,A-05-03,PC,OP166,C
0000700754,4500000134,1000,LOAD,06.07.2025 20:02:14,124,HU576364,A-04-03,A-05-03,PC,OP166,C
0000700755,4500000134,1000,GOODS_ISSUE,06.07.2025 22:52:18,124,HU576364,A-04-03,A-05-03,PC,OP166,C
0000700756,4500000135,1000,PICK_START,28.07.2025 08:00:00,177,HU699853,A-04-02,A-02-05,PC,OP281,C
0000700757,4500000135,1000,PICK_CONFIRM,28.07.2025 12:32:09,177,HU699853,A-04-02,A-02-05,PC,OP281,C
0000700758,4500000135,1000,PACK_START,28.07.2025 17:59:02,177,HU699853,A-04-02,A-02-05,PC,OP281,C
0000700759,4500000135,1000,PACK_CONFIRM,28.07.2025 20:49:30,177,HU699853,A-04-02,A-02-05,PC,OP281,C
0000700760,4500000135,1000,LOAD,28.07.2025 22:53:43,177,HU699853,A-04-02,A-02-05,PC,OP281,C
0000700761,4500000135,1000,GOODS_ISSUE,29.07.2025 01:13:35,177,HU699853,A-04-02,A-02-05,PC,OP281,C
0000700762,4500000136,1000,PICK_START,21.05.2025 08:00:00,364,HU338356,A-03-04,A-02-01,PC,OP169,C
0000700763,4500000136,1000,PICK_CONFIRM,21.05.2025 10:39:21,364,HU338356,A-03-04,A-02-01,PC,OP169,C
0000700764,4500000136,1000,PACK_START,21.05.2025 13:23:23,364,HU338356,A-03-04,A-02-01,PC,OP169,C
0000700765,4500000136,1000,PACK_CONFIRM,21.05.2025 15:20:54,364,HU338356,A-03-04,A-02-01,PC,OP169,C
0000700766,4500000136,1000,LOAD,21.05.2025 18:15:25,364,HU338356,A-03-04,A-02-01,PC,OP169,C
0000700767,4500000136,1000,GOODS_ISSUE,21.05.2025 21:10:59,364,HU338356,A-03-04,A-02-01,PC,OP169,C
0000700768,4500000137,2000,PICK_START,02.07.2025 12:00:00,132,HU196402,A-04-02,A-03-03,PC,OP132,C
0000700769,4500000137,2000,PICK_CONFIRM,02.07.2025 17:50:43,132,HU196402,A-04-02,A-03-03,PC,OP132,C
0000700770,4500000137,2000,PACK_START,02.07.2025 21:18:39,132,HU196402,A-04-02,A-03-03,PC,OP132,C
0000700771,4500000137,2000,PACK_CONFIRM,02.07.2025 23:26:49,132,HU196402,A-04-02,A-03-03,PC,OP132,C
0000700772,4500000137,2000,LOAD,03.07.2025 02:05:06,132,HU196402,A-04-02,A-03-03,PC,OP132,C
0000700773,4500000137,2000,GOODS_ISSUE,03.07.2025 03:17:16,132,HU196402,A-04-02,A-03-03,PC,OP132,C
0000700774,4500000138,1000,PICK_START,26.05.2025 07:00:00,155,HU879233,A-02-02,A-03-03,PC,OP258,C
0000700775,4500000138,1000,PICK_CONFIRM,26.05.2025 10:44:06,155,HU879233,A-02-02,A-03-03,PC,OP258,C
0000700776,4500000138,1000,PACK_START,26.05.2025 12:12:02,155,HU879233,A-02-02,A-03-03,PC,OP258,C
0000700777,4500000138,1000,PACK_CONFIRM,26.05.2025 14:58:58,155,HU879233,A-02-02,A-03-03,PC,OP258,C
0000700778,4500000138,1000,LOAD,26.05.2025 17:49:25,155,HU879233,A-02-02,A-03-03,PC,OP258,C
0000700779,4500000138,1000,GOODS_ISSUE,26.05.2025 19:47:21,155,HU879233,A-02-02,A-03-03,PC,OP258,C
0000700780,4500000139,3000,PICK_START,24.05.2025 12:00:00,110,HU158716,A-02-03,A-03-03,PC,OP147,C
0000700781,4500000139,3000,PICK_CONFIRM,24.05.2025 15:51:31,110,HU158716,A-02-03,A-03-03,PC,OP147,C
0000700782,4500000139,3000,PACK_START,24.05.2025 17:37:36,110,HU158716,A-02-03,A-03-03,PC,OP147,C
0000700783,4500000139,3000,PACK_CONFIRM,24.05.2025 19:42:33,110,HU158716,A-02-03,A-03-03,PC,OP147,C
0000700784,4500000139,3000,LOAD,24.05.2025 21:59:31,110,HU158716,A-02-03,A-03-03,PC,OP147,C
0000700785,4500000139,3000,GOODS_ISSUE,24.05.2025 23:34:52,110,HU158716,A-02-03,A-03-03,PC,OP147,C
0000700786,4500000140,3000,PICK_START,09.05.2025 14:00:00,46,HU962458,A-05-04,A-04-03,PC,OP254,C
0000700787,4500000140,3000,PICK_CONFIRM,09.05.2025 16:56:15,46,HU962458,A-05-04,A-04-03,PC,OP254,C
0000700788,4500000140,3000,PACK_START,09.05.2025 19:50:41,46,HU962458,A-05-04,A-04-03,PC,OP254,C
0000700789,4500000140,3000,PACK_CONFIRM,09.05.2025 21:24:16,46,HU962458,A-05-04,A-04-03,PC,OP254,C
0000700790,4500000140,3000,LOAD,09.05.2025 22:32:18,46,HU962458,A-05-04,A-04-03,PC,OP254,C
0000700791,4500000140,3000,GOODS_ISSUE,10.05.2025 00:25:04,46,HU962458,A-05-04,A-04-03,PC,OP254,C
0000700792,4500000142,2000,PICK_START,21.05.2025 08:00:00,113,HU982600,A-01-03,A-05-03,PC,OP219,C
0000700793,4500000142,2000,PICK_CONFIRM,21.05.2025 13:10:13,113,HU982600,A-01-03,A-05-03,PC,OP219,C
0000700794,4500000142,2000,PACK_START,21.05.2025 18:43:28,113,HU982600,A-01-03,A-05-03,PC,OP219,C
0000700795,4500000142,2000,PACK_CONFIRM,21.05.2025 22:28:01,113,HU982600,A-01-03,A-05-03,PC,OP219,C
0000700796,4500000142,2000,LOAD,21.05.2025 23:40:05,113,HU982600,A-01-03,A-05-03,PC,OP219,C
0000700797,4500000142,2000,GOODS_ISSUE,22.05.2025 01:26:39,113,HU982600,A-01-03,A-05-03,PC,OP219,C
0000700798,4500000143,4000,PICK_START,07.05.2025 11:00:00,62,HU600607,A-03-01,A-05-01,PC,OP264,C
0000700799,4500000143,4000,PICK_CONFIRM,07.05.2025 16:23:22,62,HU600607,A-03-01,A-05-01,PC,OP264,C
0000700800,4500000143,4000,PACK_START,07.05.2025 20:39:48,62,HU600607,A-03-01,A-05-01,PC,OP264,C
0000700801,4500000143,4000,PACK_CONFIRM,07.05.2025 23:22:46,62,HU600607,A-03-01,A-05-01,PC,OP264,C
0000700802,4500000143,4000,LOAD,08.05.2025 01:47:55,62,HU600607,A-03-01,A-05-01,PC,OP264,C
0000700803,4500000143,4000,GOODS_ISSUE,08.05.2025 03:08:34,62,HU600607,A-03-01,A-05-01,PC,OP264,C
0000700804,4500000144,3000,PICK_START,09.05.2025 13:00:00,358,HU524778,A-03-03,A-02-01,PC,OP113,C
0000700805,4500000144,3000,PICK_CONFIRM,09.05.2025 18:17:28,358,HU524778,A-03-03,A-02-01,PC,OP113,C
0000700806,4500000144,3000,PACK_START,10.05.2025 00:09:13,358,HU524778,A-03-03,A-02-01,PC,OP113,C
0000700807,4500000144,3000,PACK_CONFIRM,10.05.2025 01:50:15,358,HU524778,A-03-03,A-02-01,PC,OP113,C
0000700808,4500000144,3000,LOAD,10.05.2025 03:44:20,358,HU524778,A-03-03,A-02-01,PC,OP113,C
0000700809,4500000144,3000,GOODS_ISSUE,10.05.2025 06:13:35,358,HU524778,A-03-03,A-02-01,PC,OP113,C
0000700810,4500000145,4000,PICK_START,22.07.2025 08:00:00,113,HU942362,A-03-02,A-05-01,PC,OP208,C
0000700811,4500000145,4000,PICK_CONFIRM,22.07.2025 09:19:41,113,HU942362,A-03-02,A-05-01,PC,OP208,C
0000700812,4500000145,4000,PACK_START,22.07.2025 12:20:42,113,HU942362,A-03-02,A-05-01,PC,OP208,C
0000700813,4500000145,4000,PACK_CONFIRM,22.07.2025 15:41:11,113,HU942362,A-03-02,A-05-01,PC,OP208,C
0000700814,4500000145,4000,LOAD,22.07.2025 18:15:33,113,HU942362,A-03-02,A-05-01,PC,OP208,C
0000700815,4500000145,4000,GOODS_ISSUE,22.07.2025 20:23:48,113,HU942362,A-03-02,A-05-01,PC,OP208,C
0000700816,4500000146,3000,PICK_START,01.07.2025 09:00:00,365,HU304189,A-02-04,A-01-04,PC,OP126,C
0000700817,4500000146,3000,PICK_CONFIRM,01.07.2025 11:51:44,365,HU304189,A-02-04,A-01-04,PC,OP126,C
0000700818,4500000146,3000,PACK_START,01.07.2025 13:45:00,365,HU304189,A-02-04,A-01-04,PC,OP126,C
0000700819,4500000146,3000,PACK_CONFIRM,01.07.2025 17:21:42,365,HU304189,A-02-04,A-01-04,PC,OP126,C
0000700820,4500000146,3000,LOAD,01.07.2025 20:07:20,365,HU304189,A-02-04,A-01-04,PC,OP126,C
0000700821,4500000146,3000,GOODS_ISSUE,01.07.2025 21:49:18,365,HU304189,A-02-04,A-01-04,PC,OP126,C
0000700822,4500000147,2000,PICK_START,22.06.2025 13:00:00,118,HU181588,A-03-02,A-04-05,PC,OP299,C
0000700823,4500000147,2000,PICK_CONFIRM,22.06.2025 18:33:27,118,HU181588,A-03-02,A-04-05,PC,OP299,C
0000700824,4500000147,2000,PACK_START,22.06.2025 22:33:47,118,HU181588,A-03-02,A-04-05,PC,OP299,C
0000700825,4500000147,2000,PACK_CONFIRM,22.06.2025 23:35:19,118,HU181588,A-03-02,A-04-05,PC,OP299,C
0000700826,4500000147,2000,LOAD,23.06.2025 01:20:45,118,HU181588,A-03-02,A-04-05,PC,OP299,C
0000700827,4500000147,2000,GOODS_ISSUE,23.06.2025 03:57:21,118,HU181588,A-03-02,A-04-05,PC,OP299,C
0000700828,4500000148,2000,PICK_START,18.06.2025 16:00:00,243,HU987734,A-03-01,A-01-01,PC,OP161,C
0000700829,4500000148,2000,PICK_CONFIRM,18.06.2025 17:32:25,243,HU987734,A-03-01,A-01-01,PC,OP161,C
0000700830,4500000148,2000,PACK_START,18.06.2025 23:28:56,243,HU987734,A-03-01,A-01-01,PC,OP161,C
0000700831,4500000148,2000,PACK_CONFIRM,19.06.2025 02:24:14,243,HU987734,A-03-01,A-01-01,PC,OP161,C
0000700832,4500000148,2000,LOAD,19.06.2025 05:59:18,243,HU987734,A-03-01,A-01-01,PC,OP161,C
0000700833,4500000148,2000,GOODS_ISSUE,19.06.2025 07:30:39,243,HU987734,A-03-01,A-01-01,PC,OP161,C
0000700834,4500000149,1000,PICK_START,10.07.2025 12:00:00,312,HU395915,A-02-01,A-04-03,PC,OP127,C
0000700835,4500000149,1000,PICK_CONFIRM,10.07.2025 15:01:22,312,HU395915,A-02-01,A-04-03,PC,OP127,C
0000700836,4500000149,1000,PACK_START,10.07.2025 18:56:17,312,HU395915,A-02-01,A-04-03,PC,OP127,C
0000700837,4500000149,1000,PACK_CONFIRM,10.07.2025 22:55:20,312,HU395915,A-02-01,A-04-03,PC,OP127,C
0000700838,4500000149,1000,LOAD,11.07.2025 02:22:13,312,HU395915,A-02-01,A-04-03,PC,OP127,C
0000700839,4500000149,1000,GOODS_ISSUE,11.07.2025 04:03:24,312,HU395915,A-02-01,A-04-03,PC,OP127,C
0000700840,4500000150,3000,PICK_START,29.07.2025 14:00:00,92,HU168492,A-02-02,A-04-05,PC,OP102,C
0000700841,4500000150,3000,PICK_CONFIRM,29.07.2025 18:48:52,92,HU168492,A-02-02,A-04-05,PC,OP102,C
0000700842,4500000150,3000,PACK_START,29.07.2025 23:12:47,92,HU168492,A-02-02,A-04-05,PC,OP102,C
0000700843,4500000150,3000,PACK_CONFIRM,30.07.2025 01:13:12,92,HU168492,A-02-02,A-04-05,PC,OP102,C
0000700844,4500000150,3000,LOAD,30.07.2025 02:29:16,92,HU168492,A-02-02,A-04-05,PC,OP102,C
0000700845,4500000150,3000,GOODS_ISSUE,30.07.2025 04:11:54,92,HU168492,A-02-02,A-04-05,PC,OP102,C
0000700846,4500000151,4000,PICK_START,07.06.2025 14:00:00,65,HU893270,A-02-05,A-02-02,PC,OP241,C
0000700847,4500000151,4000,PICK_CONFIRM,07.06.2025 16:29:30,65,HU893270,A-02-05,A-02-02,PC,OP241,C
0000700848,4500000151,4000,PACK_START,07.06.2025 21:45:46,65,HU893270,A-02-05,A-02-02,PC,OP241,C
0000700849,4500000151,4000,PACK_CONFIRM,07.06.2025 23:10:30,65,HU893270,A-02-05,A-02-02,PC,OP241,C
0000700850,4500000151,4000,LOAD,08.06.2025 00:46:33,65,HU893270,A-02-05,A-02-02,PC,OP241,C
0000700851,4500000151,4000,GOODS_ISSUE,08.06.2025 02:35:39,65,HU893270,A-02-05,A-02-02,PC,OP241,C
0000700852,4500000152,2000,PICK_START,14.05.2025 13:00:00,165,HU311524,A-05-01,A-01-02,PC,OP161,C
0000700853,4500000152,2000,PICK_CONFIRM,14.05.2025 17:55:33,165,HU311524,A-05-01,A-01-02,PC,OP161,C
0000700854,4500000152,2000,PACK_START,14.05.2025 19:34:23,165,HU311524,A-05-01,A-01-02,PC,OP161,C
0000700855,4500000152,2000,PACK_CONFIRM,14.05.2025 21:52:27,165,HU311524,A-05-01,A-01-02,PC,OP161,C
0000700856,4500000152,2000,LOAD,15.05.2025 00:09:44,165,HU311524,A-05-01,A-01-02,PC,OP161,C
0000700857,4500000152,2000,GOODS_ISSUE,15.05.2025 02:01:13,165,HU311524,A-05-01,A-01-02,PC,OP161,C
0000700858,4500000153,3000,PICK_START,21.06.2025 08:00:00,392,HU382243,A-01-03,A-04-04,PC,OP244,C
0000700859,4500000153,3000,PICK_CONFIRM,21.06.2025 09:30:48,392,HU382243,A-01-03,A-04-04,PC,OP244,C
0000700860,4500000153,3000,PACK_START,21.06.2025 12:02:38,392,HU382243,A-01-03,A-04-04,PC,OP244,C
0000700861,4500000153,3000,PACK_CONFIRM,21.06.2025 13:14:23,392,HU382243,A-01-03,A-04-04,PC,OP244,C
0000700862,4500000153,3000,LOAD,21.06.2025 14:22:37,392,HU382243,A-01-03,A-04-04,PC,OP244,C
0000700863,4500000153,3000,GOODS_ISSUE,21.06.2025 17:16:26,392,HU382243,A-01-03,A-04-04,PC,OP244,C
0000700864,4500000154,4000,PICK_START,30.06.2025 06:00:00,188,HU147054,A-04-04,A-04-01,PC,OP111,C
0000700865,4500000154,4000,PICK_CONFIRM,30.06.2025 09:56:54,188,HU147054,A-04-04,A-04-01,PC,OP111,C
0000700866,4500000154,4000,PACK_START,30.06.2025 12:46:53,188,HU147054,A-04-04,A-04-01,PC,OP111,C
0000700867,4500000154,4000,PACK_CONFIRM,30.06.2025 15:43:58,188,HU147054,A-04-04,A-04-01,PC,OP111,C
0000700868,4500000154,4000,LOAD,30.06.2025 16:50:42,188,HU147054,A-04-04,A-04-01,PC,OP111,C
0000700869,4500000154,4000,GOODS_ISSUE,30.06.2025 19:35:53,188,HU147054,A-04-04,A-04-01,PC,OP111,C
0000700870,4500000155,1000,PICK_START,27.07.2025 09:00:00,29,HU150382,A-03-01,A-01-03,PC,OP179,C
0000700871,4500000155,1000,PICK_CONFIRM,27.07.2025 13:28:33,29,HU150382,A-03-01,A-01-03,PC,OP179,C
0000700872,4500000155,1000,PACK_START,27.07.2025 15:58:53,29,HU150382,A-03-01,A-01-03,PC,OP179,C
0000700873,4500000155,1000,PACK_CONFIRM,27.07.2025 18:57:59,29,HU150382,A-03-01,A-01-03,PC,OP179,C
0000700874,4500000155,1000,LOAD,27.07.2025 21:57:14,29,HU150382,A-03-01,A-01-03,PC,OP179,C
0000700875,4500000155,1000,GOODS_ISSUE,27.07.2025 23:29:38,29,HU150382,A-03-01,A-01-03,PC,OP179,C
0000700876,4500000156,1000,PICK_START,11.06.2025 12:00:00,259,HU108890,A-03-02,A-05-05,PC,OP172,C
0000700877,4500000156,1000,PICK_CONFIRM,11.06.2025 14:28:36,259,HU108890,A-03-02,A-05-05,PC,OP172,C
0000700878,4500000156,1000,PACK_CONFIRM,11.06.2025 19:27:17,259,HU108890,A-03-02,A-05-05,PC,OP172,C
0000700879,4500000156,1000,LOAD,11.06.2025 21:04:40,259,HU108890,A-03-02,A-05-05,PC,OP172,C
0000700880,4500000156,1000,GOODS_ISSUE,11.06.2025 23:56:39,259,HU108890,A-03-02,A-05-05,PC,OP172,C
0000700881,4500000157,4000,PICK_START,19.05.2025 10:00:00,81,HU517476,A-04-02,A-02-02,PC,OP180,C
0000700882,4500000157,4000,PICK_CONFIRM,19.05.2025 12:19:14,81,HU517476,A-04-02,A-02-02,PC,OP180,C
0000700883,4500000157,4000,PACK_START,19.05.2025 17:23:11,81,HU517476,A-04-02,A-02-02,PC,OP180,C
0000700884,4500000157,4000,PACK_CONFIRM,19.05.2025 21:00:32,81,HU517476,A-04-02,A-02-02,PC,OP180,C
0000700885,4500000157,4000,LOAD,20.05.2025 00:33:56,81,HU517476,A-04-02,A-02-02,PC,OP180,C
0000700886,4500000157,4000,GOODS_ISSUE,20.05.2025 02:17:10,81,HU517476,A-04-02,A-02-02,PC,OP180,C
0000700887,4500000158,2000,PICK_START,05.05.2025 12:00:00,173,HU888363,A-03-03,A-05-04,PC,OP191,C
0000700888,4500000158,2000,PICK_CONFIRM,05.05.2025 15:00:04,173,HU888363,A-03-03,A-05-04,PC,OP191,C
0000700889,4500000158,2000,PACK_START,05.05.2025 20:10:47,173,HU888363,A-03-03,A-05-04,PC,OP191,C
0000700890,4500000158,2000,PACK_CONFIRM,05.05.2025 23:14:58,173,HU888363,A-03-03,A-05-04,PC,OP191,C
0000700891,4500000158,2000,LOAD,06.05.2025 01:41:03,173,HU888363,A-03-03,A-05-04,PC,OP191,C
0000700892,4500000158,2000,GOODS_ISSUE,06.05.2025 03:31:39,173,HU888363,A-03-03,A-05-04,PC,OP191,C
0000700893,4500000159,4000,PICK_START,26.05.2025 08:00:00,296,HU235808,A-05-03,A-05-02,PC,OP124,C
0000700894,4500000159,4000,PICK_CONFIRM,26.05.2025 11:24:55,299,HU235808,A-05-03,A-05-02,PC,OP124,C
0000700895,4500000159,4000,PACK_START,26.05.2025 16:51:12,299,HU235808,A-05-03,A-05-02,PC,OP124,C
0000700896,4500000159,4000,PACK_CONFIRM,26.05.2025 19:10:31,299,HU235808,A-05-03,A-05-02,PC,OP124,C
0000700897,4500000159,4000,LOAD,26.05.2025 20:21:55,299,HU235808,A-05-03,A-05-02,PC,OP124,C
0000700898,4500000159,4000,GOODS_ISSUE,26.05.2025 22:40:31,299,HU235808,A-05-03,A-05-02,PC,OP124,C
0000700899,4500000160,1000,PICK_START,30.07.2025 15:00:00,226,HU447412,A-03-04,A-05-04,PC,OP228,C
0000700900,4500000160,1000,PICK_CONFIRM,30.07.2025 16:16:22,226,HU447412,A-03-04,A-05-04,PC,OP228,C
0000700901,4500000160,1000,PACK_START,30.07.2025 18:03:26,226,HU447412,A-03-04,A-05-04,PC,OP228,C
0000700902,4500000160,1000,PACK_CONFIRM,30.07.2025 21:36:14,226,HU447412,A-03-04,A-05-04,PC,OP228,C
0000700903,4500000160,1000,LOAD,31.07.2025 01:09:34,226,HU447412,A-03-04,A-05-04,PC,OP228,C
0000700904,4500000160,1000,GOODS_ISSUE,31.07.2025 03:53:54,226,HU447412,A-03-04,A-05-04,PC,OP228,C
0000700905,4500000161,2000,PICK_START,09.06.2025 13:00:00,286,HU205909,A-04-02,A-05-05,PC,OP138,C
0000700906,4500000161,2000,PICK_CONFIRM,09.06.2025 15:34:49,286,HU205909,A-04-02,A-05-05,PC,OP138,C
0000700907,4500000161,2000,PACK_START,09.06.2025 20:18:23,286,HU205909,A-04-02,A-05-05,PC,OP138,C
0000700908,4500000161,2000,PACK_CONFIRM,09.06.2025 21:21:35,286,HU205909,A-04-02,A-05-05,PC,OP138,C
0000700909,4500000161,2000,LOAD,09.06.2025 23:34:12,286,HU205909,A-04-02,A-05-05,PC,OP138,C
0000700910,4500000161,2000,GOODS_ISSUE,10.06.2025 00:38:30,286,HU205909,A-04-02,A-05-05,PC,OP138,C
0000700911,4500000162,4000,PICK_START,10.07.2025 11:00:00,179,HU124835,A-04-04,A-03-03,PC,OP222,C
0000700912,4500000162,4000,PICK_CONFIRM,10.07.2025 15:34:46,179,HU124835,A-04-04,A-03-03,PC,OP222,C
0000700913,4500000162,4000,PACK_START,10.07.2025 20:22:34,179,HU124835,A-04-04,A-03-03,PC,OP222,C
0000700914,4500000162,4000,PACK_CONFIRM,10.07.2025 22:02:29,179,HU124835,A-04-04,A-03-03,PC,OP222,C
0000700915,4500000162,4000,LOAD,11.07.2025 00:03:55,179,HU124835,A-04-04,A-03-03,PC,OP222,C
0000700916,4500000162,4000,GOODS_ISSUE,11.07.2025 02:43:30,179,HU124835,A-04-04,A-03-03,PC,OP222,C
0000700917,4500000164,2000,PICK_START,03.07.2025 08:00:00,260,HU714841,A-01-02,A-02-05,PC,OP141,C
0000700918,4500000164,2000,PICK_CONFIRM,03.07.2025 12:39:08,260,HU714841,A-01-02,A-02-05,PC,OP141,C
0000700919,4500000164,2000,PACK_START,03.07.2025 15:35:22,260,HU714841,A-01-02,A-02-05,PC,OP141,C
0000700920,4500000164,2000,PACK_CONFIRM,03.07.2025 18:23:28,260,HU714841,A-01-02,A-02-05,PC,OP141,C
0000700921,4500000164,2000,LOAD,03.07.2025 22:02:21,260,HU714841,A-01-02,A-02-05,PC,OP141,C
0000700922,4500000164,2000,GOODS_ISSUE,04.07.2025 00:02:50,260,HU714841,A-01-02,A-02-05,PC,OP141,C
0000700923,4500000165,2000,PICK_START,16.06.2025 09:00:00,75,HU258898,A-05-02,A-03-05,PC,OP120,C
0000700924,4500000165,2000,PICK_CONFIRM,16.06.2025 13:07:15,75,HU258898,A-05-02,A-03-05,PC,OP120,C
0000700925,4500000165,2000,PACK_START,16.06.2025 15:50:50,75,HU258898,A-05-02,A-03-05,PC,OP120,C
0000700926,4500000165,2000,PACK_CONFIRM,16.06.2025 18:51:51,75,HU258898,A-05-02,A-03-05,PC,OP120,C
0000700927,4500000165,2000,LOAD,16.06.2025 22:48:30,75,HU258898,A-05-02,A-03-05,PC,OP120,C
0000700928,4500000165,2000,GOODS_ISSUE,17.06.2025 01:06:30,75,HU258898,A-05-02,A-03-05,PC,OP120,C
0000700929,4500000166,4000,PICK_START,18.05.2025 14:00:00,303,HU756359,A-01-03,A-05-03,PC,OP159,C
0000700930,4500000166,4000,PICK_CONFIRM,18.05.2025 15:31:56,303,HU756359,A-01-03,A-05-03,PC,OP159,C
0000700931,4500000166,4000,PACK_START,18.05.2025 16:47:51,303,HU756359,A-01-03,A-05-03,PC,OP159,C
0000700932,4500000166,4000,PACK_CONFIRM,18.05.2025 17:58:02,303,HU756359,A-01-03,A-05-03,PC,OP159,C
0000700933,4500000166,4000,LOAD,18.05.2025 19:46:06,303,HU756359,A-01-03,A-05-03,PC,OP159,C
0000700934,4500000166,4000,GOODS_ISSUE,18.05.2025 22:20:22,303,HU756359,A-01-03,A-05-03,PC,OP159,C
0000700935,4500000168,4000,PICK_START,30.05.2025 13:00:00,120,HU326122,A-05-02,A-05-01,PC,OP136,C
0000700936,4500000168,4000,PICK_CONFIRM,30.05.2025 14:53:13,120,HU326122,A-05-02,A-05-01,PC,OP136,C
0000700937,4500000168,4000,PACK_START,30.05.2025 16:49:19,120,HU326122,A-05-02,A-05-01,PC,OP136,C
0000700938,4500000168,4000,PACK_CONFIRM,30.05.2025 18:20:36,120,HU326122,A-05-02,A-05-01,PC,OP136,C
0000700939,4500000168,4000,LOAD,30.05.2025 20:53:05,120,HU326122,A-05-02,A-05-01,PC,OP136,C
0000700940,4500000168,4000,GOODS_ISSUE,30.05.2025 22:38:21,120,HU326122,A-05-02,A-05-01,PC,OP136,C
0000700941,4500000169,3000,PICK_START,19.07.2025 14:00:00,243,HU906172,A-05-03,A-02-01,PC,OP228,C
0000700942,4500000169,3000,PICK_CONFIRM,19.07.2025 16:47:25,243,HU906172,A-05-03,A-02-01,PC,OP228,C
0000700943,4500000169,3000,PACK_START,19.07.2025 19:22:47,243,HU906172,A-05-03,A-02-01,PC,OP228,C
0000700944,4500000169,3000,PACK_CONFIRM,19.07.2025 21:02:22,243,HU906172,A-05-03,A-02-01,PC,OP228,C
0000700945,4500000169,3000,LOAD,19.07.2025 22:35:28,243,HU906172,A-05-03,A-02-01,PC,OP228,C
0000700946,4500000169,3000,GOODS_ISSUE,19.07.2025 23:43:39,243,HU906172,A-05-03,A-02-01,PC,OP228,C
0000700947,4500000170,2000,PICK_START,17.05.2025 06:00:00,344,HU641380,A-05-04,A-04-05,PC,OP266,C
0000700948,4500000170,2000,PICK_CONFIRM,17.05.2025 07:34:24,344,HU641380,A-05-04,A-04-05,PC,OP266,C
0000700949,4500000170,2000,PACK_START,17.05.2025 09:46:31,344,HU641380,A-05-04,A-04-05,PC,OP266,C
0000700950,4500000170,2000,PACK_CONFIRM,17.05.2025 12:42:07,344,HU641380,A-05-04,A-04-05,PC,OP266,C
0000700951,4500000170,2000,LOAD,17.05.2025 16:27:28,344,HU641380,A-05-04,A-04-05,PC,OP266,C
0000700952,4500000170,2000,GOODS_ISSUE,17.05.2025 17:56:44,344,HU641380,A-05-04,A-04-05,PC,OP266,C
0000700953,4500000171,3000,PICK_START,05.06.2025 10:00:00,17,HU648706,A-05-05,A-03-01,PC,OP214,C
0000700954,4500000171,3000,PICK_CONFIRM,05.06.2025 15:29:29,17,HU648706,A-05-05,A-03-01,PC,OP214,C
0000700955,4500000171,3000,PACK_START,05.06.2025 19:03:39,17,HU648706,A-05-05,A-03-01,PC,OP214,C
0000700956,4500000171,3000,PACK_CONFIRM,05.06.2025 22:54:19,17,HU648706,A-05-05,A-03-01,PC,OP214,C
0000700958,4500000171,3000,GOODS_ISSUE,06.06.2025 03:19:12,17,HU648706,A-05-05,A-03-01,PC,OP214,C
0000700957,4500000171,3000,LOAD,06.06.2025 00:24:27,17,HU648706,A-05-05,A-03-01,PC,OP214,C
0000700959,4500000172,4000,PICK_START,30.07.2025 08:00:00,58,HU923501,A-01-05,A-03-01,PC,OP174,C
0000700960,4500000172,4000,PICK_CONFIRM,30.07.2025 09:07:07,58,HU923501,A-01-05,A-03-01,PC,OP174,C
0000700961,4500000172,4000,PACK_START,30.07.2025 10:18:29,58,HU923501,A-01-05,A-03-01,PC,OP174,C
0000700962,4500000172,4000,PACK_CONFIRM,30.07.2025 11:31:40,58,HU923501,A-01-05,A-03-01,PC,OP174,C
0000700963,4500000172,4000,LOAD,30.07.2025 13:03:42,58,HU923501,A-01-05,A-03-01,PC,OP174,C
0000700964,4500000172,4000,GOODS_ISSUE,30.07.2025 14:33:56,58,HU923501,A-01-05,A-03-01,PC,OP174,C
0000700965,4500000173,3000,PICK_START,02.07.2025 06:00:00,13,HU477819,A-04-05,A-03-04,PC,OP110,C
0000700966,4500000173,3000,PICK_CONFIRM,02.07.2025 10:30:15,13,HU477819,A-04-05,A-03-04,PC,OP110,C
0000700967,4500000173,3000,PACK_START,02.07.2025 16:08:40,13,HU477819,A-04-05,A-03-04,PC,OP110,C
0000700968,4500000173,3000,PACK_CONFIRM,02.07.2025 17:27:46,13,HU477819,A-04-05,A-03-04,PC,OP110,C
0000700969,4500000173,3000,LOAD,02.07.2025 20:49:25,13,HU477819,A-04-05,A-03-04,PC,OP110,C
0000700970,4500000173,3000,GOODS_ISSUE,02.07.2025 22:25:35,13,HU477819,A-04-05,A-03-04,PC,OP110,C
0000700971,4500000174,2000,PICK_START,05.07.2025 14:00:00,74,HU847385,A-05-05,A-05-02,PC,OP199,C
0000700972,4500000174,2000,PICK_CONFIRM,05.07.2025 15:42:24,74,HU847385,A-05-05,A-05-02,PC,OP199,C
0000700973,4500000174,2000,PACK_CONFIRM,05.07.2025 21:08:35,74,HU847385,A-05-05,A-05-02,PC,OP199,C
0000700974,4500000174,2000,LOAD,05.07.2025 23:19:31,74,HU847385,A-05-05,A-05-02,PC,OP199,C
0000700975,4500000174,2000,GOODS_ISSUE,06.07.2025 01:25:13,74,HU847385,A-05-05,A-05-02,PC,OP199,C
0000700976,4500000175,2000,PICK_START,26.07.2025 16:00:00,99,HU350725,A-02-02,A-04-05,PC,OP255,C
0000700977,4500000175,2000,PICK_CONFIRM,26.07.2025 19:44:53,99,HU350725,A-02-02,A-04-05,PC,OP255,C
0000700978,4500000175,2000,PACK_START,26.07.2025 21:05:06,99,HU350725,A-02-02,A-04-05,PC,OP255,C
0000700979,4500000175,2000,PACK_CONFIRM,26.07.2025 22:22:47,99,HU350725,A-02-02,A-04-05,PC,OP255,C
0000700980,4500000175,2000,LOAD,27.07.2025 01:33:23,99,HU350725,A-02-02,A-04-05,PC,OP255,C
0000700981,4500000175,2000,GOODS_ISSUE,27.07.2025 03:31:51,99,HU350725,A-02-02,A-04-05,PC,OP255,C
0000700982,4500000176,1000,PICK_START,17.05.2025 08:00:00,104,HU178641,A-01-05,A-04-04,PC,OP260,C
0000700983,4500000176,1000,PICK_CONFIRM,17.05.2025 09:01:26,104,HU178641,A-01-05,A-04-04,PC,OP260,C
0000700984,4500000176,1000,PACK_START,17.05.2025 11:07:54,104,HU178641,A-01-05,A-04-04,PC,OP260,C
0000700985,4500000176,1000,PACK_CONFIRM,17.05.2025 14:21:04,104,HU178641,A-01-05,A-04-04,PC,OP260,C
0000700986,4500000176,1000,LOAD,17.05.2025 16:39:34,104,HU178641,A-01-05,A-04-04,PC,OP260,C
0000700988,4500000177,1000,PICK_START,20.06.2025 16:00:00,94,HU621690,A-01-04,A-01-01,PC,OP136,C
0000700987,4500000176,1000,GOODS_ISSUE,17.05.2025 19:20:23,104,HU178641,A-01-05,A-04-04,PC,OP260,C
0000700989,4500000177,1000,PICK_CONFIRM,20.06.2025 17:22:56,94,HU621690,A-01-04,A-01-01,PC,OP136,C
0000700990,4500000177,1000,PACK_START,20.06.2025 18:28:31,94,HU621690,A-01-04,A-01-01,PC,OP136,C
0000700991,4500000177,1000,PACK_CONFIRM,20.06.2025 20:59:49,94,HU621690,A-01-04,A-01-01,PC,OP136,C
0000700992,4500000177,1000,LOAD,20.06.2025 22:05:26,94,HU621690,A-01-04,A-01-01,PC,OP136,C
0000700993,4500000177,1000,GOODS_ISSUE,21.06.2025 00:15:15,94,HU621690,A-01-04,A-01-01,PC,OP136,C
0000700994,4500000178,2000,PICK_START,13.07.2025 14:00:00,192,HU903541,A-02-05,A-04-03,PC,OP122,C
0000700995,4500000178,2000,PICK_CONFIRM,13.07.2025 15:03:10,192,HU903541,A-02-05,A-04-03,PC,OP122,C
0000700996,4500000178,2000,PACK_START,13.07.2025 20:52:22,192,HU903541,A-02-05,A-04-03,PC,OP122,C
0000700997,4500000178,2000,PACK_CONFIRM,14.07.2025 00:49:06,192,HU903541,A-02-05,A-04-03,PC,OP122,C
0000700998,4500000178,2000,LOAD,14.07.2025 03:52:15,192,HU903541,A-02-05,A-04-03,PC,OP122,C
0000700999,4500000178,2000,GOODS_ISSUE,14.07.2025 06:23:07,192,HU903541,A-02-05,A-04-03,PC,OP122,C
0000701000,4500000179,2000,PICK_START,05.07.2025 13:00:00,394,HU623147,A-01-04,A-03-05,PC,OP180,C
0000701001,4500000179,2000,PICK_CONFIRM,05.07.2025 18:35:22,394,HU623147,A-01-04,A-03-05,PC,OP180,C
0000701002,4500000179,2000,PACK_START,05.07.2025 19:47:20,394,HU623147,A-01-04,A-03-05,PC,OP180,C
0000701003,4500000179,2000,PACK_CONFIRM,05.07.2025 22:44:04,394,HU623147,A-01-04,A-03-05,PC,OP180,C
0000701004,4500000179,2000,LOAD,06.07.2025 00:02:39,394,HU623147,A-01-04,A-03-05,PC,OP180,C
0000701005,4500000179,2000,GOODS_ISSUE,06.07.2025 02:58:52,394,HU623147,A-01-04,A-03-05,PC,OP180,C
0000701006,4500000180,1000,PICK_START,22.06.2025 15:00:00,269,HU277961,A-02-05,A-02-01,PC,OP117,C
0000701007,4500000180,1000,PICK_CONFIRM,22.06.2025 16:01:58,269,HU277961,A-02-05,A-02-01,PC,OP117,C
0000701008,4500000180,1000,PACK_START,22.06.2025 19:13:56,269,HU277961,A-02-05,A-02-01,PC,OP117,C
0000701009,4500000180,1000,PACK_CONFIRM,22.06.2025 20:55:20,269,HU277961,A-02-05,A-02-01,PC,OP117,C
0000701010,4500000180,1000,LOAD,22.06.2025 23:27:57,269,HU277961,A-02-05,A-02-01,PC,OP117,C
0000701011,4500000180,1000,GOODS_ISSUE,23.06.2025 01:01:39,269,HU277961,A-02-05,A-02-01,PC,OP117,C
0000701012,4500000181,3000,PICK_START,27.07.2025 06:00:00,373,HU393724,A-04-04,A-03-02,PC,OP190,C
0000701013,4500000181,3000,PICK_CONFIRM,27.07.2025 07:38:21,373,HU393724,A-04-04,A-03-02,PC,OP190,C
0000701014,4500000181,3000,PACK_START,27.07.2025 09:18:46,373,HU393724,A-04-04,A-03-02,PC,OP190,C
0000701015,4500000181,3000,PACK_CONFIRM,27.07.2025 11:51:03,373,HU393724,A-04-04,A-03-02,PC,OP190,C
0000701016,4500000181,3000,LOAD,27.07.2025 15:31:24,373,HU393724,A-04-04,A-03-02,PC,OP190,C
0000701017,4500000181,3000,GOODS_ISSUE,27.07.2025 16:49:01,373,HU393724,A-04-04,A-03-02,PC,OP190,C
0000701018,4500000182,2000,PICK_START,27.07.2025 15:00:00,234,HU193563,A-01-03,A-02-01,PC,OP281,C
0000701019,4500000182,2000,PICK_CONFIRM,27.07.2025 20:06:08,234,HU193563,A-01-03,A-02-01,PC,OP281,C
0000701020,4500000182,2000,PACK_START,28.07.2025 00:24:01,234,HU193563,A-01-03,A-02-01,PC,OP281,C
0000701021,4500000182,2000,PACK_CONFIRM,28.07.2025 02:11:38,234,HU193563,A-01-03,A-02-01,PC,OP281,C
0000701022,4500000182,2000,LOAD,28.07.2025 05:21:59,234,HU193563,A-01-03,A-02-01,PC,OP281,C
0000701023,4500000182,2000,GOODS_ISSUE,28.07.2025 07:03:07,234,HU193563,A-01-03,A-02-01,PC,OP281,C
0000701024,4500000183,1000,PICK_START,23.06.2025 15:00:00,108,HU909438,A-03-05,A-02-04,PC,OP221,C
0000701025,4500000183,1000,PICK_CONFIRM,23.06.2025 18:59:56,108,HU909438,A-03-05,A-02-04,PC,OP221,C
0000701026,4500000183,1000,PACK_START,23.06.2025 22:39:22,108,HU909438,A-03-05,A-02-04,PC,OP221,C
0000701027,4500000183,1000,PACK_CONFIRM,24.06.2025 01:54:48,108,HU909438,A-03-05,A-02-04,PC,OP221,C
0000701028,4500000183,1000,LOAD,24.06.2025 03:11:34,108,HU909438,A-03-05,A-02-04,PC,OP221,C
0000701029,4500000183,1000,GOODS_ISSUE,24.06.2025 05:30:42,108,HU909438,A-03-05,A-02-04,PC,OP221,C
0000701030,4500000184,1000,PICK_START,10.07.2025 08:00:00,362,HU368463,A-05-05,A-03-05,PC,OP266,C
0000701031,4500000184,1000,PICK_CONFIRM,10.07.2025 10:16:21,362,HU368463,A-05-05,A-03-05,PC,OP266,C
0000701032,4500000184,1000,PACK_START,10.07.2025 15:49:22,362,HU368463,A-05-05,A-03-05,PC,OP266,C
0000701033,4500000184,1000,PACK_CONFIRM,10.07.2025 17:04:28,362,HU368463,A-05-05,A-03-05,PC,OP266,C
0000701034,4500000184,1000,LOAD,10.07.2025 19:52:09,362,HU368463,A-05-05,A-03-05,PC,OP266,C
0000701035,4500000184,1000,GOODS_ISSUE,10.07.2025 21:57:24,362,HU368463,A-05-05,A-03-05,PC,OP266,C
0000701036,4500000185,2000,PICK_START,11.07.2025 12:00:00,357,HU247269,A-01-04,A-04-04,PC,OP224,C
0000701037,4500000185,2000,PICK_CONFIRM,11.07.2025 15:49:24,357,HU247269,A-01-04,A-04-04,PC,OP224,C
0000701038,4500000185,2000,PACK_START,11.07.2025 21:46:56,357,HU247269,A-01-04,A-04-04,PC,OP224,C
0000701039,4500000185,2000,PACK_CONFIRM,11.07.2025 23:58:28,357,HU247269,A-01-04,A-04-04,PC,OP224,C
0000701040,4500000185,2000,LOAD,12.07.2025 01:35:08,357,HU247269,A-01-04,A-04-04,PC,OP224,C
0000701041,4500000185,2000,GOODS_ISSUE,12.07.2025 03:41:23,357,HU247269,A-01-04,A-04-04,PC,OP224,C
0000701042,4500000186,3000,PICK_START,05.06.2025 14:00:00,366,HU141515,A-03-02,A-02-05,PC,OP202,C
0000701043,4500000186,3000,PICK_CONFIRM,05.06.2025 17:00:10,366,HU141515,A-03-02,A-02-05,PC,OP202,C
0000701044,4500000186,3000,PACK_START,05.06.2025 20:45:20,366,HU141515,A-03-02,A-02-05,PC,OP202,C
0000701045,4500000186,3000,PACK_CONFIRM,05.06.2025 23:50:48,366,HU141515,A-03-02,A-02-05,PC,OP202,C
0000701046,4500000186,3000,LOAD,06.06.2025 02:58:02,366,HU141515,A-03-02,A-02-05,PC,OP202,C
0000701047,4500000186,3000,GOODS_ISSUE,06.06.2025 04:17:19,366,HU141515,A-03-02,A-02-05,PC,OP202,C
0000701048,4500000187,1000,PICK_START,21.07.2025 14:00:00,139,HU528902,A-04-05,A-05-02,PC,OP133,C
0000701050,4500000187,1000,PACK_START,21.07.2025 17:43:10,142,HU528902,A-04-05,A-05-02,PC,OP133,C
0000701049,4500000187,1000,PICK_CONFIRM,21.07.2025 16:25:56,142,HU528902,A-04-05,A-05-02,PC,OP133,C
0000701051,4500000187,1000,PACK_CONFIRM,21.07.2025 21:02:25,142,HU528902,A-04-05,A-05-02,PC,OP133,C
0000701052,4500000187,1000,LOAD,21.07.2025 22:33:58,142,HU528902,A-04-05,A-05-02,PC,OP133,C
0000701053,4500000187,1000,GOODS_ISSUE,22.07.2025 00:33:18,142,HU528902,A-04-05,A-05-02,PC,OP133,C
0000701054,4500000188,2000,PICK_START,20.07.2025 12:00:00,319,HU562241,A-03-02,A-04-02,PC,OP259,C
0000701055,4500000188,2000,PICK_CONFIRM,20.07.2025 14:45:56,319,HU562241,A-03-02,A-04-02,PC,OP259,C
0000701056,4500000188,2000,PACK_START,20.07.2025 18:41:45,319,HU562241,A-03-02,A-04-02,PC,OP259,C
0000701057,4500000188,2000,PACK_CONFIRM,20.07.2025 21:14:57,319,HU562241,A-03-02,A-04-02,PC,OP259,C
0000701058,4500000188,2000,LOAD,21.07.2025 00:27:36,319,HU562241,A-03-02,A-04-02,PC,OP259,C
0000701059,4500000188,2000,GOODS_ISSUE,21.07.2025 01:35:50,319,HU562241,A-03-02,A-04-02,PC,OP259,C
0000701060,4500000189,2000,PICK_START,17.06.2025 14:00:00,237,HU428881,A-03-02,A-01-03,PC,OP274,C
0000701062,4500000189,2000,PACK_START,17.06.2025 21:29:09,237,HU428881,A-03-02,A-01-03,PC,OP274,C
0000701061,4500000189,2000,PICK_CONFIRM,17.06.2025 16:28:16,237,HU428881,A-03-02,A-01-03,PC,OP274,C
0000701063,4500000189,2000,PACK_CONFIRM,18.06.2025 01:21:21,237,HU428881,A-03-02,A-01-03,PC,OP274,C
0000701064,4500000189,2000,LOAD,18.06.2025 04:59:03,237,HU428881,A-03-02,A-01-03,PC,OP274,C
0000701065,4500000189,2000,GOODS_ISSUE,18.06.2025 07:36:38,237,HU428881,A-03-02,A-01-03,PC,OP274,C
0000701066,4500000190,4000,PICK_START,06.06.2025 09:00:00,353,HU533265,A-04-02,A-03-05,PC,OP167,C
0000701067,4500000190,4000,PICK_CONFIRM,06.06.2025 13:23:04,353,HU533265,A-04-02,A-03-05,PC,OP167,C
0000701068,4500000190,4000,PACK_START,06.06.2025 15:57:47,353,HU533265,A-04-02,A-03-05,PC,OP167,C
0000701069,4500000190,4000,PACK_CONFIRM,06.06.2025 19:49:46,353,HU533265,A-04-02,A-03-05,PC,OP167,C
0000701070,4500000190,4000,LOAD,06.06.2025 22:22:44,353,HU533265,A-04-02,A-03-05,PC,OP167,C
0000701071,4500000190,4000,GOODS_ISSUE,06.06.2025 23:23:54,353,HU533265,A-04-02,A-03-05,PC,OP167,C
0000701072,4500000191,2000,PICK_START,31.07.2025 09:00:00,248,HU815711,A-01-02,A-04-05,PC,OP264,C
0000701073,4500000191,2000,PICK_CONFIRM,31.07.2025 11:10:27,248,HU815711,A-01-02,A-04-05,PC,OP264,C
0000701074,4500000191,2000,PACK_START,31.07.2025 13:30:04,248,HU815711,A-01-02,A-04-05,PC,OP264,C
0000701075,4500000191,2000,PACK_CONFIRM,31.07.2025 15:11:20,248,HU815711,A-01-02,A-04-05,PC,OP264,C
0000701076,4500000191,2000,LOAD,31.07.2025 18:41:37,248,HU815711,A-01-02,A-04-05,PC,OP264,C
0000701077,4500000191,2000,GOODS_ISSUE,31.07.2025 21:21:59,248,HU815711,A-01-02,A-04-05,PC,OP264,C
0000701078,4500000192,1000,PICK_START,21.07.2025 15:00:00,251,HU159830,A-05-04,A-02-03,PC,OP279,C
0000701079,4500000192,1000,PICK_CONFIRM,21.07.2025 16:38:28,251,HU159830,A-05-04,A-02-03,PC,OP279,C
0000701080,4500000192,1000,PACK_START,21.07.2025 19:45:25,251,HU159830,A-05-04,A-02-03,PC,OP279,C
0000701081,4500000192,1000,PACK_CONFIRM,21.07.2025 23:34:33,251,HU159830,A-05-04,A-02-03,PC,OP279,C
0000701082,4500000192,1000,LOAD,22.07.2025 00:40:25,251,HU159830,A-05-04,A-02-03,PC,OP279,C
0000701083,4500000192,1000,GOODS_ISSUE,22.07.2025 02:22:06,251,HU159830,A-05-04,A-02-03,PC,OP279,C
0000701084,4500000193,2000,PICK_START,14.06.2025 15:00:00,199,HU961127,A-04-03,A-01-01,PC,OP139,C
0000701085,4500000193,2000,PICK_CONFIRM,14.06.2025 17:42:55,199,HU961127,A-04-03,A-01-01,PC,OP139,C
0000701086,4500000193,2000,PACK_START,14.06.2025 20:50:06,199,HU961127,A-04-03,A-01-01,PC,OP139,C
0000701087,4500000193,2000,PACK_CONFIRM,14.06.2025 23:05:32,199,HU961127,A-04-03,A-01-01,PC,OP139,C
0000701088,4500000193,2000,LOAD,15.06.2025 02:20:56,199,HU961127,A-04-03,A-01-01,PC,OP139,C
0000701089,4500000193,2000,GOODS_ISSUE,15.06.2025 04:04:45,199,HU961127,A-04-03,A-01-01,PC,OP139,C
0000701090,4500000194,1000,PICK_START,16.07.2025 13:00:00,374,HU994498,A-01-04,A-02-05,PC,OP196,C
0000701091,4500000194,1000,PICK_CONFIRM,16.07.2025 18:01:42,374,HU994498,A-01-04,A-02-05,PC,OP196,C
0000701092,4500000194,1000,PACK_START,16.07.2025 21:31:34,374,HU994498,A-01-04,A-02-05,PC,OP196,C
0000701093,4500000194,1000,PACK_CONFIRM,17.07.2025 01:30:46,374,HU994498,A-01-04,A-02-05,PC,OP196,C
0000701094,4500000194,1000,LOAD,17.07.2025 05:03:40,374,HU994498,A-01-04,A-02-05,PC,OP196,C
0000701095,4500000194,1000,GOODS_ISSUE,17.07.2025 07:05:42,374,HU994498,A-01-04,A-02-05,PC,OP196,C
0000701096,4500000195,2000,PICK_START,24.06.2025 14:00:00,35,HU265890,A-04-04,A-03-03,PC,OP118,C
0000701097,4500000195,2000,PICK_CONFIRM,24.06.2025 17:47:14,35,HU265890,A-04-04,A-03-03,PC,OP118,C
0000701099,4500000195,2000,PACK_CONFIRM,24.06.2025 22:44:36,35,HU265890,A-04-04,A-03-03,PC,OP118,C
0000701098,4500000195,2000,PACK_START,24.06.2025 20:30:29,35,HU265890,A-04-04,A-03-03,PC,OP118,C
0000701100,4500000195,2000,LOAD,25.06.2025 00:47:48,35,HU265890,A-04-04,A-03-03,PC,OP118,C
0000701101,4500000195,2000,GOODS_ISSUE,25.06.2025 03:09:21,35,HU265890,A-04-04,A-03-03,PC,OP118,C
0000701102,4500000196,4000,PICK_START,11.06.2025 11:00:00,382,HU333886,A-03-03,A-03-05,PC,OP271,C
0000701103,4500000196,4000,PICK_CONFIRM,11.06.2025 14:06:32,382,HU333886,A-03-03,A-03-05,PC,OP271,C
0000701104,4500000196,4000,PACK_START,11.06.2025 17:07:58,382,HU333886,A-03-03,A-03-05,PC,OP271,C
0000701105,4500000196,4000,PACK_CONFIRM,11.06.2025 20:51:14,382,HU333886,A-03-03,A-03-05,PC,OP271,C
0000701106,4500000196,4000,LOAD,11.06.2025 22:05:29,382,HU333886,A-03-03,A-03-05,PC,OP271,C
0000701107,4500000196,4000,GOODS_ISSUE,11.06.2025 23:46:43,382,HU333886,A-03-03,A-03-05,PC,OP271,C
0000701108,4500000197,4000,PICK_START,22.07.2025 09:00:00,190,HU198045,A-03-02,A-03-05,PC,OP219,C
0000701109,4500000197,4000,PICK_CONFIRM,22.07.2025 13:18:36,190,HU198045,A-03-02,A-03-05,PC,OP219,C
0000701110,4500000197,4000,PACK_START,22.07.2025 17:48:48,190,HU198045,A-03-02,A-03-05,PC,OP219,C
0000701111,4500000197,4000,PACK_CONFIRM,22.07.2025 19:03:13,190,HU198045,A-03-02,A-03-05,PC,OP219,C
0000701112,4500000197,4000,LOAD,22.07.2025 20:33:16,190,HU198045,A-03-02,A-03-05,PC,OP219,C
0000701113,4500000197,4000,GOODS_ISSUE,22.07.2025 21:45:37,190,HU198045,A-03-02,A-03-05,PC,OP219,C
0000701114,4500000198,1000,PICK_START,25.06.2025 08:00:00,58,HU773693,A-04-03,A-03-05,PC,OP127,C
0000701115,4500000198,1000,PICK_CONFIRM,25.06.2025 09:39:22,58,HU773693,A-04-03,A-03-05,PC,OP127,C
0000701116,4500000198,1000,PACK_START,25.06.2025 10:47:57,58,HU773693,A-04-03,A-03-05,PC,OP127,C
0000701117,4500000198,1000,PACK_CONFIRM,25.06.2025 13:47:23,58,HU773693,A-04-03,A-03-05,PC,OP127,C
0000701118,4500000198,1000,LOAD,25.06.2025 17:22:15,58,HU773693,A-04-03,A-03-05,PC,OP127,C
0000701119,4500000198,1000,GOODS_ISSUE,25.06.2025 19:01:17,58,HU773693,A-04-03,A-03-05,PC,OP127,C
0000701120,4500000199,4000,PICK_START,22.05.2025 14:00:00,328,HU189991,A-02-01,A-05-04,PC,OP127,C
0000701121,4500000199,4000,PICK_CONFIRM,22.05.2025 16:08:08,328,HU189991,A-02-01,A-05-04,PC,OP127,C
0000701122,4500000199,4000,PACK_START,22.05.2025 18:40:29,328,HU189991,A-02-01,A-05-04,PC,OP127,C
0000701123,4500000199,4000,PACK_CONFIRM,22.05.2025 20:54:41,328,HU189991,A-02-01,A-05-04,PC,OP127,C
0000701124,4500000199,4000,LOAD,22.05.2025 22:22:43,328,HU189991,A-02-01,A-05-04,PC,OP127,C
0000701125,4500000199,4000,GOODS_ISSUE,22.05.2025 23:23:59,328,HU189991,A-02-01,A-05-04,PC,OP127,C
0000701126,4500000200,4000,PICK_START,13.07.2025 11:00:00,391,HU516226,A-05-05,A-03-04,PC,OP151,C
0000701127,4500000200,4000,PICK_CONFIRM,13.07.2025 12:56:34,391,HU516226,A-05-05,A-03-04,PC,OP151,C
0000701128,4500000200,4000,PACK_START,13.07.2025 16:07:42,391,HU516226,A-05-05,A-03-04,PC,OP151,C
0000701129,4500000200,4000,PACK_CONFIRM,13.07.2025 17:52:41,391,HU516226,A-05-05,A-03-04,PC,OP151,C
0000701131,4500000200,4000,GOODS_ISSUE,13.07.2025 23:18:53,391,HU516226,A-05-05,A-03-04,PC,OP151,C
0000701130,4500000200,4000,LOAD,13.07.2025 21:01:22,391,HU516226,A-05-05,A-03-04,PC,OP151,C
0000701132,4500000201,3000,PICK_START,23.07.2025 10:00:00,150,HU521024,A-03-01,A-01-03,PC,OP181,C
0000701133,4500000201,3000,PICK_CONFIRM,23.07.2025 11:33:06,150,HU521024,A-03-01,A-01-03,PC,OP181,C
0000701134,4500000201,3000,PACK_START,23.07.2025 14:48:56,150,HU521024,A-03-01,A-01-03,PC,OP181,C
0000701135,4500000201,3000,PACK_CONFIRM,23.07.2025 17:55:01,150,HU521024,A-03-01,A-01-03,PC,OP181,C
0000701136,4500000201,3000,LOAD,23.07.2025 20:23:34,150,HU521024,A-03-01,A-01-03,PC,OP181,C
0000701137,4500000201,3000,GOODS_ISSUE,23.07.2025 22:02:03,150,HU521024,A-03-01,A-01-03,PC,OP181,C
0000701138,4500000202,4000,PICK_START,10.06.2025 11:00:00,377,HU459057,A-04-05,A-04-01,PC,OP154,C
0000701139,4500000202,4000,PICK_CONFIRM,10.06.2025 14:19:06,377,HU459057,A-04-05,A-04-01,PC,OP154,C
0000701140,4500000202,4000,PACK_START,10.06.2025 16:58:10,377,HU459057,A-04-05,A-04-01,PC,OP154,C
0000701141,4500000202,4000,PACK_CONFIRM,10.06.2025 20:30:01,377,HU459057,A-04-05,A-04-01,PC,OP154,C
0000701142,4500000202,4000,LOAD,11.06.2025 00:21:18,377,HU459057,A-04-05,A-04-01,PC,OP154,C
0000701143,4500000202,4000,GOODS_ISSUE,11.06.2025 01:28:02,377,HU459057,A-04-05,A-04-01,PC,OP154,C
0000701144,4500000203,4000,PICK_START,30.05.2025 06:00:00,11,HU836405,A-05-04,A-04-01,PC,OP129,C
0000701145,4500000203,4000,PICK_CONFIRM,30.05.2025 07:59:45,11,HU836405,A-05-04,A-04-01,PC,OP129,C
0000701146,4500000203,4000,PACK_START,30.05.2025 09:27:56,11,HU836405,A-05-04,A-04-01,PC,OP129,C
0000701147,4500000203,4000,PACK_CONFIRM,30.05.2025 12:27:49,11,HU836405,A-05-04,A-04-01,PC,OP129,C
0000701148,4500000203,4000,LOAD,30.05.2025 14:05:20,11,HU836405,A-05-04,A-04-01,PC,OP129,C
0000701149,4500000203,4000,GOODS_ISSUE,30.05.2025 15:52:02,11,HU836405,A-05-04,A-04-01,PC,OP129,C
0000701150,4500000204,3000,PICK_START,15.07.2025 12:00:00,251,HU391897,A-03-05,A-01-02,PC,OP239,C
0000701151,4500000204,3000,PICK_CONFIRM,15.07.2025 14:37:21,251,HU391897,A-03-05,A-01-02,PC,OP239,C
0000701152,4500000204,3000,PACK_START,15.07.2025 17:00:11,251,HU391897,A-03-05,A-01-02,PC,OP239,C
0000701153,4500000204,3000,PACK_CONFIRM,15.07.2025 18:21:43,251,HU391897,A-03-05,A-01-02,PC,OP239,C
0000701154,4500000204,3000,LOAD,15.07.2025 21:43:46,251,HU391897,A-03-05,A-01-02,PC,OP239,C
0000701155,4500000204,3000,GOODS_ISSUE,15.07.2025 22:44:50,251,HU391897,A-03-05,A-01-02,PC,OP239,C
0000701156,4500000205,4000,PICK_START,17.05.2025 07:00:00,51,HU263306,A-04-01,A-01-05,PC,OP263,C
0000701157,4500000205,4000,PICK_CONFIRM,17.05.2025 08:37:44,51,HU263306,A-04-01,A-01-05,PC,OP263,C
0000701158,4500000205,4000,PACK_START,17.05.2025 14:32:15,51,HU263306,A-04-01,A-01-05,PC,OP263,C
0000701159,4500000205,4000,PACK_CONFIRM,17.05.2025 17:54:11,51,HU263306,A-04-01,A-01-05,PC,OP263,C
0000701160,4500000205,4000,LOAD,17.05.2025 21:10:23,51,HU263306,A-04-01,A-01-05,PC,OP263,C
0000701161,4500000205,4000,GOODS_ISSUE,17.05.2025 23:47:03,51,HU263306,A-04-01,A-01-05,PC,OP263,C
0000701162,4500000206,1000,PICK_START,20.06.2025 13:00:00,253,HU323839,A-03-01,A-04-04,PC,OP108,C
0000701163,4500000206,1000,PICK_CONFIRM,20.06.2025 15:22:35,253,HU323839,A-03-01,A-04-04,PC,OP108,C
0000701164,4500000206,1000,PACK_START,20.06.2025 20:56:56,253,HU323839,A-03-01,A-04-04,PC,OP108,C
0000701165,4500000206,1000,PACK_CONFIRM,20.06.2025 23:36:45,253,HU323839,A-03-01,A-04-04,PC,OP108,C
0000701166,4500000206,1000,LOAD,21.06.2025 00:49:09,253,HU323839,A-03-01,A-04-04,PC,OP108,C
0000701167,4500000206,1000,GOODS_ISSUE,21.06.2025 02:07:45,253,HU323839,A-03-01,A-04-04,PC,OP108,C
0000701168,4500000207,2000,PICK_START,06.05.2025 16:00:00,14,HU730275,A-05-05,A-03-03,PC,OP115,C
0000701169,4500000207,2000,PICK_CONFIRM,06.05.2025 19:29:15,14,HU730275,A-05-05,A-03-03,PC,OP115,C
0000701170,4500000207,2000,PACK_START,06.05.2025 23:33:10,14,HU730275,A-05-05,A-03-03,PC,OP115,C
0000701171,4500000207,2000,PACK_CONFIRM,07.05.2025 01:31:14,14,HU730275,A-05-05,A-03-03,PC,OP115,C
0000701172,4500000207,2000,LOAD,07.05.2025 04:26:36,14,HU730275,A-05-05,A-03-03,PC,OP115,C
0000701173,4500000207,2000,GOODS_ISSUE,07.05.2025 05:39:51,14,HU730275,A-05-05,A-03-03,PC,OP115,C
0000701174,4500000208,4000,PICK_START,09.05.2025 09:00:00,103,HU947808,A-03-02,A-03-04,PC,OP221,C
0000701175,4500000208,4000,PICK_CONFIRM,09.05.2025 13:01:47,103,HU947808,A-03-02,A-03-04,PC,OP221,C
0000701176,4500000208,4000,PACK_START,09.05.2025 18:40:50,103,HU947808,A-03-02,A-03-04,PC,OP221,C
0000701177,4500000208,4000,PACK_CONFIRM,09.05.2025 20:18:25,103,HU947808,A-03-02,A-03-04,PC,OP221,C
0000701178,4500000208,4000,LOAD,09.05.2025 22:46:52,103,HU947808,A-03-02,A-03-04,PC,OP221,C
0000701179,4500000208,4000,GOODS_ISSUE,10.05.2025 01:33:38,103,HU947808,A-03-02,A-03-04,PC,OP221,C
0000701180,4500000209,3000,PICK_START,22.06.2025 09:00:00,275,HU323787,A-01-02,A-02-02,PC,OP105,C
0000701181,4500000209,3000,PICK_CONFIRM,22.06.2025 12:39:29,275,HU323787,A-01-02,A-02-02,PC,OP105,C
0000701182,4500000209,3000,PACK_START,22.06.2025 16:17:21,275,HU323787,A-01-02,A-02-02,PC,OP105,C
0000701183,4500000209,3000,PACK_CONFIRM,22.06.2025 18:02:07,275,HU323787,A-01-02,A-02-02,PC,OP105,C
0000701184,4500000209,3000,LOAD,22.06.2025 20:54:41,275,HU323787,A-01-02,A-02-02,PC,OP105,C
0000701185,4500000209,3000,GOODS_ISSUE,22.06.2025 22:16:09,275,HU323787,A-01-02,A-02-02,PC,OP105,C
0000701186,4500000210,4000,PICK_START,31.07.2025 13:00:00,58,HU895466,A-05-02,A-03-04,PC,OP169,C
0000701187,4500000210,4000,PICK_CONFIRM,31.07.2025 18:40:03,58,HU895466,A-05-02,A-03-04,PC,OP169,C
0000701188,4500000210,4000,PACK_START,31.07.2025 22:25:04,58,HU895466,A-05-02,A-03-04,PC,OP169,C
0000701189,4500000211,3000,PICK_START,23.06.2025 08:00:00,189,HU364315,A-05-01,A-02-01,PC,OP121,C
0000701190,4500000211,3000,PICK_CONFIRM,23.06.2025 13:58:01,189,HU364315,A-05-01,A-02-01,PC,OP121,C
0000701191,4500000211,3000,PACK_START,23.06.2025 16:28:07,189,HU364315,A-05-01,A-02-01,PC,OP121,C
0000701192,4500000211,3000,PACK_CONFIRM,23.06.2025 18:08:03,189,HU364315,A-05-01,A-02-01,PC,OP121,C
0000701193,4500000211,3000,LOAD,23.06.2025 21:42:05,189,HU364315,A-05-01,A-02-01,PC,OP121,C
0000701194,4500000211,3000,GOODS_ISSUE,23.06.2025 22:44:41,189,HU364315,A-05-01,A-02-01,PC,OP121,C
0000701195,4500000212,3000,PICK_START,18.05.2025 12:00:00,84,HU248622,A-01-03,A-02-04,PC,OP203,C
0000701196,4500000212,3000,PICK_CONFIRM,18.05.2025 15:50:43,84,HU248622,A-01-03,A-02-04,PC,OP203,C
0000701197,4500000212,3000,PACK_START,18.05.2025 17:13:52,84,HU248622,A-01-03,A-02-04,PC,OP203,C
0000701198,4500000212,3000,PACK_CONFIRM,18.05.2025 19:12:19,84,HU248622,A-01-03,A-02-04,PC,OP203,C
0000701199,4500000212,3000,LOAD,18.05.2025 21:39:10,84,HU248622,A-01-03,A-02-04,PC,OP203,C
0000701200,4500000212,3000,GOODS_ISSUE,18.05.2025 23:37:46,84,HU248622,A-01-03,A-02-04,PC,OP203,C
0000701201,4500000213,1000,PICK_START,10.05.2025 16:00:00,33,HU185678,A-02-05,A-05-03,PC,OP215,C
0000701202,4500000213,1000,PICK_CONFIRM,10.05.2025 21:14:50,33,HU185678,A-02-05,A-05-03,PC,OP215,C
0000701203,4500000213,1000,PACK_START,11.05.2025 01:25:00,33,HU185678,A-02-05,A-05-03,PC,OP215,C
0000701204,4500000213,1000,PACK_CONFIRM,11.05.2025 04:18:48,33,HU185678,A-02-05,A-05-03,PC,OP215,C
0000701205,4500000213,1000,LOAD,11.05.2025 05:28:32,33,HU185678,A-02-05,A-05-03,PC,OP215,C
0000701206,4500000213,1000,GOODS_ISSUE,11.05.2025 07:31:28,33,HU185678,A-02-05,A-05-03,PC,OP215,C
0000701207,4500000214,4000,PICK_START,23.05.2025 11:00:00,233,HU540110,A-04-02,A-02-02,PC,OP271,C
0000701208,4500000214,4000,PICK_CONFIRM,23.05.2025 12:24:45,233,HU540110,A-04-02,A-02-02,PC,OP271,C
0000701209,4500000214,4000,PACK_START,23.05.2025 13:39:33,233,HU540110,A-04-02,A-02-02,PC,OP271,C
0000701210,4500000214,4000,PACK_CONFIRM,23.05.2025 15:51:24,233,HU540110,A-04-02,A-02-02,PC,OP271,C
0000701211,4500000214,4000,LOAD,23.05.2025 17:06:43,233,HU540110,A-04-02,A-02-02,PC,OP271,C
0000701212,4500000214,4000,GOODS_ISSUE,23.05.2025 19:06:56,233,HU540110,A-04-02,A-02-02,PC,OP271,C
0000701213,4500000215,2000,PICK_START,07.07.2025 15:00:00,292,HU372050,A-02-01,A-01-02,PC,OP123,C
0000701214,4500000215,2000,PICK_CONFIRM,07.07.2025 16:26:52,291,HU372050,A-02-01,A-01-02,PC,OP123,C
0000701215,4500000215,2000,PACK_START,07.07.2025 19:33:56,291,HU372050,A-02-01,A-01-02,PC,OP123,C
0000701216,4500000215,2000,PACK_CONFIRM,07.07.2025 21:36:38,291,HU372050,A-02-01,A-01-02,PC,OP123,C
0000701217,4500000215,2000,LOAD,07.07.2025 23:34:22,291,HU372050,A-02-01,A-01-02,PC,OP123,C
0000701218,4500000215,2000,GOODS_ISSUE,08.07.2025 01:45:38,291,HU372050,A-02-01,A-01-02,PC,OP123,C
0000701219,4500000216,1000,PICK_START,23.07.2025 06:00:00,124,HU549350,A-03-01,A-05-05,PC,OP176,C
0000701220,4500000216,1000,PICK_CONFIRM,23.07.2025 08:42:58,124,HU549350,A-03-01,A-05-05,PC,OP176,C
0000701221,4500000216,1000,PACK_START,23.07.2025 11:14:31,124,HU549350,A-03-01,A-05-05,PC,OP176,C
0000701222,4500000216,1000,PACK_CONFIRM,23.07.2025 13:39:19,124,HU549350,A-03-01,A-05-05,PC,OP176,C
0000701223,4500000216,1000,LOAD,23.07.2025 15:39:04,124,HU549350,A-03-01,A-05-05,PC,OP176,C
0000701224,4500000216,1000,GOODS_ISSUE,23.07.2025 18:07:52,124,HU549350,A-03-01,A-05-05,PC,OP176,C
0000701225,4500000217,1000,PICK_START,24.07.2025 15:00:00,197,HU272525,A-02-02,A-03-02,PC,OP207,C
0000701226,4500000217,1000,PICK_CONFIRM,24.07.2025 17:21:23,197,HU272525,A-02-02,A-03-02,PC,OP207,C
0000701227,4500000217,1000,PACK_START,24.07.2025 23:04:56,197,HU272525,A-02-02,A-03-02,PC,OP207,C
0000701228,4500000217,1000,PACK_CONFIRM,25.07.2025 00:16:55,197,HU272525,A-02-02,A-03-02,PC,OP207,C
0000701229,4500000217,1000,LOAD,25.07.2025 03:15:47,197,HU272525,A-02-02,A-03-02,PC,OP207,C
0000701230,4500000217,1000,GOODS_ISSUE,25.07.2025 05:35:20,197,HU272525,A-02-02,A-03-02,PC,OP207,C
0000701231,4500000218,4000,PICK_START,26.07.2025 14:00:00,265,HU605020,A-04-01,A-04-03,PC,OP276,C
0000701232,4500000218,4000,PICK_CONFIRM,26.07.2025 19:50:02,265,HU605020,A-04-01,A-04-03,PC,OP276,C
0000701233,4500000218,4000,PACK_START,27.07.2025 00:23:46,265,HU605020,A-04-01,A-04-03,PC,OP276,C
0000701234,4500000218,4000,PACK_CONFIRM,27.07.2025 01:30:56,265,HU605020,A-04-01,A-04-03,PC,OP276,C
0000701235,4500000218,4000,LOAD,27.07.2025 05:16:56,265,HU605020,A-04-01,A-04-03,PC,OP276,C
0000701236,4500000218,4000,GOODS_ISSUE,27.07.2025 06:53:32,265,HU605020,A-04-01,A-04-03,PC,OP276,C
0000701237,4500000219,3000,PICK_START,19.06.2025 12:00:00,36,HU921934,A-02-01,A-05-03,PC,OP211,C
0000701238,4500000219,3000,PICK_CONFIRM,19.06.2025 16:17:04,36,HU921934,A-02-01,A-05-03,PC,OP211,C
0000701239,4500000219,3000,PACK_START,19.06.2025 19:11:44,36,HU921934,A-02-01,A-05-03,PC,OP211,C
0000701240,4500000219,3000,PACK_CONFIRM,19.06.2025 23:04:39,36,HU921934,A-02-01,A-05-03,PC,OP211,C
0000701241,4500000219,3000,LOAD,20.06.2025 01:54:53,36,HU921934,A-02-01,A-05-03,PC,OP211,C
0000701243,4500000220,4000,PICK_START,12.06.2025 16:00:00,282,HU471921,A-05-03,A-04-04,PC,OP199,C
0000701242,4500000219,3000,GOODS_ISSUE,20.06.2025 04:09:57,36,HU921934,A-02-01,A-05-03,PC,OP211,C
0000701244,4500000220,4000,PICK_CONFIRM,12.06.2025 21:39:54,282,HU471921,A-05-03,A-04-04,PC,OP199,C
0000701245,4500000220,4000,PACK_START,13.06.2025 00:15:09,282,HU471921,A-05-03,A-04-04,PC,OP199,C
0000701246,4500000220,4000,PACK_CONFIRM,13.06.2025 02:55:28,282,HU471921,A-05-03,A-04-04,PC,OP199,C
0000701247,4500000220,4000,LOAD,13.06.2025 06:46:13,282,HU471921,A-05-03,A-04-04,PC,OP199,C
0000701248,4500000220,4000,GOODS_ISSUE,13.06.2025 08:00:26,282,HU471921,A-05-03,A-04-04,PC,OP199,C
0000701249,4500000221,3000,PICK_START,27.06.2025 09:00:00,82,HU962994,A-01-01,A-04-03,PC,OP252,C
0000701250,4500000221,3000,PICK_CONFIRM,27.06.2025 11:09:16,82,HU962994,A-01-01,A-04-03,PC,OP252,C
0000701251,4500000221,3000,PACK_CONFIRM,27.06.2025 13:37:53,82,HU962994,A-01-01,A-04-03,PC,OP252,C
0000701252,4500000221,3000,LOAD,27.06.2025 16:58:15,82,HU962994,A-01-01,A-04-03,PC,OP252,C
0000701253,4500000221,3000,GOODS_ISSUE,27.06.2025 18:14:20,82,HU962994,A-01-01,A-04-03,PC,OP252,C
0000701254,4500000222,2000,PICK_START,22.06.2025 07:00:00,88,HU308205,A-01-03,A-05-04,PC,OP270,C
0000701255,4500000222,2000,PICK_CONFIRM,22.06.2025 08:53:07,88,HU308205,A-01-03,A-05-04,PC,OP270,C
0000701256,4500000222,2000,PACK_START,22.06.2025 12:04:54,88,HU308205,A-01-03,A-05-04,PC,OP270,C
0000701257,4500000222,2000,PACK_CONFIRM,22.06.2025 14:55:58,88,HU308205,A-01-03,A-05-04,PC,OP270,C
0000701258,4500000222,2000,LOAD,22.06.2025 17:59:47,88,HU308205,A-01-03,A-05-04,PC,OP270,C
0000701259,4500000222,2000,GOODS_ISSUE,22.06.2025 20:43:48,88,HU308205,A-01-03,A-05-04,PC,OP270,C
0000701260,4500000223,1000,PICK_START,13.06.2025 14:00:00,271,HU706590,A-04-05,A-01-05,PC,OP182,C
0000701261,4500000223,1000,PICK_CONFIRM,13.06.2025 16:56:13,271,HU706590,A-04-05,A-01-05,PC,OP182,C
0000701262,4500000223,1000,PACK_START,13.06.2025 22:44:59,271,HU706590,A-04-05,A-01-05,PC,OP182,C
0000701263,4500000223,1000,PACK_CONFIRM,14.06.2025 00:19:10,271,HU706590,A-04-05,A-01-05,PC,OP182,C
0000701264,4500000223,1000,LOAD,14.06.2025 02:38:17,271,HU706590,A-04-05,A-01-05,PC,OP182,C
0000701265,4500000223,1000,GOODS_ISSUE,14.06.2025 05:24:25,271,HU706590,A-04-05,A-01-05,PC,OP182,C
0000701266,4500000224,1000,PICK_START,12.06.2025 14:00:00,358,HU796320,A-05-04,A-05-04,PC,OP288,C
0000701267,4500000224,1000,PICK_CONFIRM,12.06.2025 15:40:35,358,HU796320,A-05-04,A-05-04,PC,OP288,C
0000701268,4500000224,1000,PACK_START,12.06.2025 18:55:51,358,HU796320,A-05-04,A-05-04,PC,OP288,C
0000701269,4500000224,1000,PACK_CONFIRM,12.06.2025 20:28:03,358,HU796320,A-05-04,A-05-04,PC,OP288,C
0000701270,4500000224,1000,LOAD,12.06.2025 23:14:18,358,HU796320,A-05-04,A-05-04,PC,OP288,C
0000701271,4500000224,1000,GOODS_ISSUE,13.06.2025 01:39:49,358,HU796320,A-05-04,A-05-04,PC,OP288,C
0000701272,4500000226,3000,PICK_START,12.05.2025 10:00:00,378,HU868738,A-03-01,A-01-01,PC,OP138,C
0000701273,4500000226,3000,PICK_CONFIRM,12.05.2025 11:03:39,378,HU868738,A-03-01,A-01-01,PC,OP138,C
0000701274,4500000226,3000,PACK_START,12.05.2025 14:33:15,378,HU868738,A-03-01,A-01-01,PC,OP138,C
0000701275,4500000226,3000,PACK_CONFIRM,12.05.2025 17:58:35,378,HU868738,A-03-01,A-01-01,PC,OP138,C
0000701276,4500000226,3000,LOAD,12.05.2025 20:48:02,378,HU868738,A-03-01,A-01-01,PC,OP138,C
0000701277,4500000226,3000,GOODS_ISSUE,12.05.2025 22:47:14,378,HU868738,A-03-01,A-01-01,PC,OP138,C
0000701278,4500000227,1000,PICK_START,30.06.2025 06:00:00,130,HU580938,A-01-05,A-04-01,PC,OP181,C
0000701279,4500000227,1000,PICK_CONFIRM,30.06.2025 07:43:36,130,HU580938,A-01-05,A-04-01,PC,OP181,C
0000701280,4500000227,1000,PACK_CONFIRM,30.06.2025 13:11:43,130,HU580938,A-01-05,A-04-01,PC,OP181,C
0000701281,4500000227,1000,LOAD,30.06.2025 16:00:19,130,HU580938,A-01-05,A-04-01,PC,OP181,C
0000701282,4500000227,1000,GOODS_ISSUE,30.06.2025 17:40:03,130,HU580938,A-01-05,A-04-01,PC,OP181,C
0000701283,4500000228,2000,PICK_START,30.07.2025 07:00:00,238,HU219125,A-05-02,A-03-04,PC,OP167,C
0000701284,4500000228,2000,PICK_CONFIRM,30.07.2025 11:47:31,238,HU219125,A-05-02,A-03-04,PC,OP167,C
0000701285,4500000228,2000,PACK_START,30.07.2025 13:07:00,238,HU219125,A-05-02,A-03-04,PC,OP167,C
0000701286,4500000228,2000,PACK_CONFIRM,30.07.2025 15:31:45,238,HU219125,A-05-02,A-03-04,PC,OP167,C
0000701287,4500000228,2000,LOAD,30.07.2025 16:53:43,238,HU219125,A-05-02,A-03-04,PC,OP167,C
0000701288,4500000228,2000,GOODS_ISSUE,30.07.2025 19:36:51,238,HU219125,A-05-02,A-03-04,PC,OP167,C
0000701289,4500000229,1000,PICK_START,23.07.2025 15:00:00,252,HU645984,A-05-04,A-01-01,PC,OP215,C
0000701290,4500000229,1000,PICK_CONFIRM,23.07.2025 20:58:30,252,HU645984,A-05-04,A-01-01,PC,OP215,C
0000701291,4500000229,1000,PACK_START,23.07.2025 22:37:25,252,HU645984,A-05-04,A-01-01,PC,OP215,C
0000701292,4500000229,1000,PACK_CONFIRM,24.07.2025 01:18:41,252,HU645984,A-05-04,A-01-01,PC,OP215,C
0000701293,4500000229,1000,LOAD,24.07.2025 03:52:14,252,HU645984,A-05-04,A-01-01,PC,OP215,C
0000701294,4500000229,1000,GOODS_ISSUE,24.07.2025 06:08:03,252,HU645984,A-05-04,A-01-01,PC,OP215,C
0000701295,4500000230,1000,PICK_START,28.05.2025 11:00:00,243,HU972950,A-01-05,A-05-01,PC,OP215,C
0000701296,4500000230,1000,PICK_CONFIRM,28.05.2025 13:44:53,243,HU972950,A-01-05,A-05-01,PC,OP215,C
0000701297,4500000230,1000,PACK_START,28.05.2025 15:48:35,243,HU972950,A-01-05,A-05-01,PC,OP215,C
0000701298,4500000230,1000,PACK_CONFIRM,28.05.2025 18:43:54,243,HU972950,A-01-05,A-05-01,PC,OP215,C
0000701299,4500000230,1000,LOAD,28.05.2025 21:48:06,243,HU972950,A-01-05,A-05-01,PC,OP215,C
0000701300,4500000230,1000,GOODS_ISSUE,28.05.2025 23:18:38,243,HU972950,A-01-05,A-05-01,PC,OP215,C
0000701301,4500000231,3000,PICK_START,06.05.2025 13:00:00,179,HU769952,A-04-04,A-01-04,PC,OP109,C
0000701302,4500000231,3000,PICK_CONFIRM,06.05.2025 18:34:50,179,HU769952,A-04-04,A-01-04,PC,OP109,C
0000701303,4500000231,3000,PACK_START,06.05.2025 22:48:32,179,HU769952,A-04-04,A-01-04,PC,OP109,C
0000701304,4500000231,3000,PACK_CONFIRM,07.05.2025 01:15:12,179,HU769952,A-04-04,A-01-04,PC,OP109,C
0000701305,4500000231,3000,LOAD,07.05.2025 04:08:06,179,HU769952,A-04-04,A-01-04,PC,OP109,C
0000701306,4500000231,3000,GOODS_ISSUE,07.05.2025 06:55:09,179,HU769952,A-04-04,A-01-04,PC,OP109,C
0000701307,4500000232,3000,PICK_START,09.07.2025 10:00:00,289,HU329242,A-05-04,A-02-02,PC,OP207,C
0000701308,4500000232,3000,PICK_CONFIRM,09.07.2025 15:12:13,289,HU329242,A-05-04,A-02-02,PC,OP207,C
0000701309,4500000232,3000,PACK_START,09.07.2025 18:04:47,289,HU329242,A-05-04,A-02-02,PC,OP207,C
0000701310,4500000232,3000,PACK_CONFIRM,09.07.2025 20:40:57,289,HU329242,A-05-04,A-02-02,PC,OP207,C
0000701311,4500000232,3000,LOAD,09.07.2025 22:10:50,289,HU329242,A-05-04,A-02-02,PC,OP207,C
0000701312,4500000232,3000,GOODS_ISSUE,10.07.2025 00:23:31,289,HU329242,A-05-04,A-02-02,PC,OP207,C
0000701313,4500000233,1000,PICK_START,09.05.2025 06:00:00,259,HU830276,A-04-03,A-05-05,PC,OP142,C
0000701314,4500000233,1000,PICK_CONFIRM,09.05.2025 10:53:20,259,HU830276,A-04-03,A-05-05,PC,OP142,C
0000701315,4500000233,1000,PACK_START,09.05.2025 14:06:28,259,HU830276,A-04-03,A-05-05,PC,OP142,C
0000701316,4500000233,1000,PACK_CONFIRM,09.05.2025 15:10:57,259,HU830276,A-04-03,A-05-05,PC,OP142,C
0000701317,4500000233,1000,LOAD,09.05.2025 17:37:50,259,HU830276,A-04-03,A-05-05,PC,OP142,C
0000701318,4500000233,1000,GOODS_ISSUE,09.05.2025 19:37:50,259,HU830276,A-04-03,A-05-05,PC,OP142,C
0000701319,4500000234,2000,PICK_START,24.05.2025 07:00:00,110,HU730134,A-03-03,A-02-02,PC,OP189,C
0000701320,4500000234,2000,PICK_CONFIRM,24.05.2025 09:39:59,110,HU730134,A-03-03,A-02-02,PC,OP189,C
0000701321,4500000234,2000,PACK_START,24.05.2025 11:10:55,110,HU730134,A-03-03,A-02-02,PC,OP189,C
0000701322,4500000234,2000,PACK_CONFIRM,24.05.2025 14:28:49,110,HU730134,A-03-03,A-02-02,PC,OP189,C
0000701323,4500000234,2000,LOAD,24.05.2025 17:43:01,110,HU730134,A-03-03,A-02-02,PC,OP189,C
0000701324,4500000234,2000,GOODS_ISSUE,24.05.2025 18:45:43,110,HU730134,A-03-03,A-02-02,PC,OP189,C
0000701325,4500000235,3000,PICK_START,30.05.2025 14:00:00,400,HU319952,A-02-02,A-05-02,PC,OP247,C
0000701326,4500000235,3000,PICK_CONFIRM,30.05.2025 15:30:42,400,HU319952,A-02-02,A-05-02,PC,OP247,C
0000701327,4500000235,3000,PACK_START,30.05.2025 19:15:31,400,HU319952,A-02-02,A-05-02,PC,OP247,C
0000701328,4500000235,3000,PACK_CONFIRM,30.05.2025 21:04:18,400,HU319952,A-02-02,A-05-02,PC,OP247,C
0000701329,4500000235,3000,LOAD,31.05.2025 00:54:06,400,HU319952,A-02-02,A-05-02,PC,OP247,C
0000701330,4500000235,3000,GOODS_ISSUE,31.05.2025 03:30:34,400,HU319952,A-02-02,A-05-02,PC,OP247,C
0000701331,4500000236,2000,PICK_START,12.07.2025 15:00:00,19,HU115069,A-03-02,A-03-02,PC,OP104,C
0000701332,4500000236,2000,PICK_CONFIRM,12.07.2025 20:27:22,19,HU115069,A-03-02,A-03-02,PC,OP104,C
0000701333,4500000236,2000,PACK_START,13.07.2025 00:54:25,19,HU115069,A-03-02,A-03-02,PC,OP104,C
0000701334,4500000236,2000,PACK_CONFIRM,13.07.2025 03:14:40,19,HU115069,A-03-02,A-03-02,PC,OP104,C
0000701335,4500000236,2000,LOAD,13.07.2025 05:18:40,19,HU115069,A-03-02,A-03-02,PC,OP104,C
0000701337,4500000237,4000,PICK_START,17.07.2025 10:00:00,54,HU416611,A-02-05,A-04-02,PC,OP131,C
0000701336,4500000236,2000,GOODS_ISSUE,13.07.2025 06:58:33,19,HU115069,A-03-02,A-03-02,PC,OP104,C
0000701338,4500000237,4000,PICK_CONFIRM,17.07.2025 15:33:51,54,HU416611,A-02-05,A-04-02,PC,OP131,C
0000701339,4500000237,4000,PACK_START,17.07.2025 20:03:44,54,HU416611,A-02-05,A-04-02,PC,OP131,C
0000701340,4500000237,4000,PACK_CONFIRM,17.07.2025 23:03:28,54,HU416611,A-02-05,A-04-02,PC,OP131,C
0000701341,4500000237,4000,LOAD,18.07.2025 02:25:27,54,HU416611,A-02-05,A-04-02,PC,OP131,C
0000701342,4500000237,4000,GOODS_ISSUE,18.07.2025 05:11:20,54,HU416611,A-02-05,A-04-02,PC,OP131,C
0000701343,4500000238,2000,PICK_START,19.06.2025 16:00:00,149,HU833287,A-04-01,A-05-01,PC,OP216,C
0000701344,4500000238,2000,PICK_CONFIRM,19.06.2025 17:21:16,149,HU833287,A-04-01,A-05-01,PC,OP216,C
0000701345,4500000238,2000,PACK_START,19.06.2025 20:39:34,149,HU833287,A-04-01,A-05-01,PC,OP216,C
0000701346,4500000238,2000,PACK_CONFIRM,19.06.2025 23:25:51,149,HU833287,A-04-01,A-05-01,PC,OP216,C
0000701347,4500000238,2000,LOAD,20.06.2025 01:08:48,149,HU833287,A-04-01,A-05-01,PC,OP216,C
0000701348,4500000238,2000,GOODS_ISSUE,20.06.2025 02:38:03,149,HU833287,A-04-01,A-05-01,PC,OP216,C
0000701349,4500000239,4000,PICK_START,01.06.2025 15:00:00,295,HU534166,A-03-04,A-03-02,PC,OP190,C
0000701350,4500000239,4000,PICK_CONFIRM,01.06.2025 20:11:01,295,HU534166,A-03-04,A-03-02,PC,OP190,C
0000701351,4500000239,4000,PACK_START,02.06.2025 00:09:50,295,HU534166,A-03-04,A-03-02,PC,OP190,C
0000701352,4500000239,4000,PACK_CONFIRM,02.06.2025 02:08:24,295,HU534166,A-03-04,A-03-02,PC,OP190,C
0000701353,4500000239,4000,LOAD,02.06.2025 03:25:59,295,HU534166,A-03-04,A-03-02,PC,OP190,C
0000701354,4500000239,4000,GOODS_ISSUE,02.06.2025 05:19:25,295,HU534166,A-03-04,A-03-02,PC,OP190,C
0000701355,4500000241,4000,PICK_START,16.05.2025 06:00:00,70,HU968415,A-04-03,A-03-04,PC,OP233,C
0000701356,4500000241,4000,PICK_CONFIRM,16.05.2025 08:10:34,70,HU968415,A-04-03,A-03-04,PC,OP233,C
0000701357,4500000241,4000,PACK_START,16.05.2025 11:08:51,70,HU968415,A-04-03,A-03-04,PC,OP233,C
0000701358,4500000241,4000,PACK_CONFIRM,16.05.2025 13:06:06,70,HU968415,A-04-03,A-03-04,PC,OP233,C
0000701359,4500000241,4000,LOAD,16.05.2025 15:15:01,70,HU968415,A-04-03,A-03-04,PC,OP233,C
0000701360,4500000241,4000,GOODS_ISSUE,16.05.2025 17:00:48,70,HU968415,A-04-03,A-03-04,PC,OP233,C
0000701361,4500000242,3000,PICK_START,30.05.2025 13:00:00,218,HU902245,A-03-01,A-01-04,PC,OP145,C
0000701362,4500000242,3000,PICK_CONFIRM,30.05.2025 17:17:22,218,HU902245,A-03-01,A-01-04,PC,OP145,C
0000701363,4500000242,3000,PACK_START,30.05.2025 18:58:06,218,HU902245,A-03-01,A-01-04,PC,OP145,C
0000701364,4500000242,3000,PACK_CONFIRM,30.05.2025 20:22:48,218,HU902245,A-03-01,A-01-04,PC,OP145,C
0000701365,4500000242,3000,LOAD,30.05.2025 23:47:52,218,HU902245,A-03-01,A-01-04,PC,OP145,C
0000701366,4500000242,3000,GOODS_ISSUE,31.05.2025 02:31:05,218,HU902245,A-03-01,A-01-04,PC,OP145,C
0000701367,4500000243,4000,PICK_START,02.07.2025 14:00:00,201,HU581111,A-03-04,A-03-02,PC,OP145,C
0000701368,4500000243,4000,PICK_CONFIRM,02.07.2025 17:52:54,201,HU581111,A-03-04,A-03-02,PC,OP145,C
0000701369,4500000243,4000,PACK_CONFIRM,02.07.2025 20:06:32,201,HU581111,A-03-04,A-03-02,PC,OP145,C
0000701370,4500000243,4000,LOAD,02.07.2025 22:33:31,201,HU581111,A-03-04,A-03-02,PC,OP145,C
0000701371,4500000243,4000,GOODS_ISSUE,03.07.2025 00:17:45,201,HU581111,A-03-04,A-03-02,PC,OP145,C
0000701372,4500000244,1000,PICK_START,03.07.2025 14:00:00,130,HU679604,A-04-05,A-02-01,PC,OP238,C
0000701373,4500000244,1000,PICK_CONFIRM,03.07.2025 18:53:33,130,HU679604,A-04-05,A-02-01,PC,OP238,C
0000701374,4500000244,1000,PACK_START,03.07.2025 22:27:21,130,HU679604,A-04-05,A-02-01,PC,OP238,C
0000701375,4500000244,1000,PACK_CONFIRM,04.07.2025 00:51:49,130,HU679604,A-04-05,A-02-01,PC,OP238,C
0000701376,4500000244,1000,LOAD,04.07.2025 04:03:54,130,HU679604,A-04-05,A-02-01,PC,OP238,C
0000701377,4500000244,1000,GOODS_ISSUE,04.07.2025 05:54:25,130,HU679604,A-04-05,A-02-01,PC,OP238,C
0000701378,4500000246,2000,PICK_START,22.07.2025 06:00:00,342,HU557049,A-03-03,A-02-05,PC,OP268,C
0000701379,4500000246,2000,PICK_CONFIRM,22.07.2025 08:42:51,342,HU557049,A-03-03,A-02-05,PC,OP268,C
0000701380,4500000246,2000,PACK_START,22.07.2025 10:26:22,342,HU557049,A-03-03,A-02-05,PC,OP268,C
0000701381,4500000246,2000,PACK_CONFIRM,22.07.2025 14:14:29,342,HU557049,A-03-03,A-02-05,PC,OP268,C
0000701382,4500000246,2000,LOAD,22.07.2025 15:42:13,342,HU557049,A-03-03,A-02-05,PC,OP268,C
0000701383,4500000246,2000,GOODS_ISSUE,22.07.2025 17:41:44,342,HU557049,A-03-03,A-02-05,PC,OP268,C
0000701384,4500000247,3000,PICK_START,25.07.2025 13:00:00,32,HU821997,A-05-02,A-03-04,PC,OP262,C
0000701385,4500000247,3000,PICK_CONFIRM,25.07.2025 17:43:50,32,HU821997,A-05-02,A-03-04,PC,OP262,C
0000701386,4500000247,3000,PACK_START,25.07.2025 21:23:36,32,HU821997,A-05-02,A-03-04,PC,OP262,C
0000701387,4500000247,3000,PACK_CONFIRM,25.07.2025 23:31:57,32,HU821997,A-05-02,A-03-04,PC,OP262,C
0000701388,4500000247,3000,LOAD,26.07.2025 02:38:58,32,HU821997,A-05-02,A-03-04,PC,OP262,C
0000701389,4500000247,3000,GOODS_ISSUE,26.07.2025 04:35:55,32,HU821997,A-05-02,A-03-04,PC,OP262,C
0000701390,4500000248,1000,PICK_START,22.06.2025 10:00:00,54,HU397007,A-05-03,A-04-05,PC,OP125,C
0000701391,4500000248,1000,PICK_CONFIRM,22.06.2025 15:00:41,54,HU397007,A-05-03,A-04-05,PC,OP125,C
0000701392,4500000248,1000,PACK_START,22.06.2025 18:55:56,54,HU397007,A-05-03,A-04-05,PC,OP125,C
0000701393,4500000248,1000,PACK_CONFIRM,22.06.2025 21:18:56,54,HU397007,A-05-03,A-04-05,PC,OP125,C
0000701394,4500000248,1000,LOAD,23.06.2025 00:20:29,54,HU397007,A-05-03,A-04-05,PC,OP125,C
0000701395,4500000248,1000,GOODS_ISSUE,23.06.2025 01:49:30,54,HU397007,A-05-03,A-04-05,PC,OP125,C
0000701396,4500000249,1000,PICK_START,14.06.2025 09:00:00,39,HU191876,A-01-04,A-01-03,PC,OP266,C
0000701397,4500000249,1000,PICK_CONFIRM,14.06.2025 10:10:12,39,HU191876,A-01-04,A-01-03,PC,OP266,C
0000701398,4500000249,1000,PACK_START,14.06.2025 11:27:16,39,HU191876,A-01-04,A-01-03,PC,OP266,C
0000701399,4500000249,1000,PACK_CONFIRM,14.06.2025 14:14:13,39,HU191876,A-01-04,A-01-03,PC,OP266,C
0000701400,4500000249,1000,LOAD,14.06.2025 17:55:08,39,HU191876,A-01-04,A-01-03,PC,OP266,C
0000701401,4500000249,1000,GOODS_ISSUE,14.06.2025 19:21:09,39,HU191876,A-01-04,A-01-03,PC,OP266,C
0000701402,4500000250,2000,PICK_START,22.06.2025 16:00:00,61,HU117224,A-04-05,A-03-04,PC,OP126,C
0000701403,4500000250,2000,PICK_CONFIRM,22.06.2025 20:50:57,61,HU117224,A-04-05,A-03-04,PC,OP126,C
0000701404,4500000250,2000,PACK_START,22.06.2025 22:39:33,61,HU117224,A-04-05,A-03-04,PC,OP126,C
0000701405,4500000250,2000,PACK_CONFIRM,22.06.2025 23:52:52,61,HU117224,A-04-05,A-03-04,PC,OP126,C
0000701406,4500000250,2000,LOAD,23.06.2025 03:12:45,61,HU117224,A-04-05,A-03-04,PC,OP126,C
0000701407,4500000250,2000,GOODS_ISSUE,23.06.2025 04:58:41,61,HU117224,A-04-05,A-03-04,PC,OP126,C
0000701408,4500000251,2000,PICK_START,01.07.2025 16:00:00,317,HU620518,A-05-04,A-05-05,PC,OP259,C
0000701409,4500000251,2000,PICK_CONFIRM,01.07.2025 17:31:52,317,HU620518,A-05-04,A-05-05,PC,OP259,C
0000701410,4500000251,2000,PACK_START,01.07.2025 19:49:34,317,HU620518,A-05-04,A-05-05,PC,OP259,C
0000701411,4500000251,2000,PACK_CONFIRM,01.07.2025 20:55:50,317,HU620518,A-05-04,A-05-05,PC,OP259,C
0000701412,4500000251,2000,LOAD,01.07.2025 22:08:31,317,HU620518,A-05-04,A-05-05,PC,OP259,C
0000701413,4500000251,2000,GOODS_ISSUE,02.07.2025 00:35:49,317,HU620518,A-05-04,A-05-05,PC,OP259,C
0000701414,4500000252,2000,PICK_START,09.05.2025 12:00:00,363,HU671194,A-01-04,A-05-01,PC,OP213,C
0000701415,4500000252,2000,PICK_CONFIRM,09.05.2025 17:13:12,363,HU671194,A-01-04,A-05-01,PC,OP213,C
0000701416,4500000252,2000,PACK_START,09.05.2025 22:08:49,363,HU671194,A-01-04,A-05-01,PC,OP213,C
0000701418,4500000252,2000,LOAD,10.05.2025 01:46:38,363,HU671194,A-01-04,A-05-01,PC,OP213,C
0000701417,4500000252,2000,PACK_CONFIRM,10.05.2025 00:46:03,363,HU671194,A-01-04,A-05-01,PC,OP213,C
0000701419,4500000252,2000,GOODS_ISSUE,10.05.2025 04:41:08,363,HU671194,A-01-04,A-05-01,PC,OP213,C
0000701420,4500000253,1000,PICK_START,16.06.2025 10:00:00,328,HU627812,A-04-04,A-01-02,PC,OP270,C
0000701421,4500000253,1000,PICK_CONFIRM,16.06.2025 14:14:20,328,HU627812,A-04-04,A-01-02,PC,OP270,C
0000701422,4500000253,1000,PACK_START,16.06.2025 15:26:08,328,HU627812,A-04-04,A-01-02,PC,OP270,C
0000701423,4500000253,1000,PACK_CONFIRM,16.06.2025 17:35:17,328,HU627812,A-04-04,A-01-02,PC,OP270,C
0000701424,4500000253,1000,LOAD,16.06.2025 19:09:40,328,HU627812,A-04-04,A-01-02,PC,OP270,C
0000701425,4500000253,1000,GOODS_ISSUE,16.06.2025 21:33:10,328,HU627812,A-04-04,A-01-02,PC,OP270,C
0000701426,4500000254,2000,PICK_START,25.07.2025 13:00:00,76,HU403986,A-03-04,A-02-02,PC,OP157,C
0000701427,4500000254,2000,PICK_CONFIRM,25.07.2025 18:49:58,76,HU403986,A-03-04,A-02-02,PC,OP157,C
0000701428,4500000254,2000,PACK_CONFIRM,25.07.2025 22:52:06,76,HU403986,A-03-04,A-02-02,PC,OP157,C
0000701429,4500000254,2000,LOAD,26.07.2025 00:52:54,76,HU403986,A-03-04,A-02-02,PC,OP157,C
0000701430,4500000254,2000,GOODS_ISSUE,26.07.2025 03:19:25,76,HU403986,A-03-04,A-02-02,PC,OP157,C
0000701431,4500000255,2000,PICK_START,31.07.2025 16:00:00,41,HU914617,A-03-05,A-04-03,PC,OP197,C
0000701432,4500000255,2000,PICK_CONFIRM,31.07.2025 17:39:09,41,HU914617,A-03-05,A-04-03,PC,OP197,C
0000701433,4500000255,2000,PACK_START,31.07.2025 18:54:08,41,HU914617,A-03-05,A-04-03,PC,OP197,C
0000701434,4500000255,2000,PACK_CONFIRM,31.07.2025 20:49:28,41,HU914617,A-03-05,A-04-03,PC,OP197,C
0000701435,4500000256,2000,PICK_START,06.07.2025 06:00:00,37,HU220063,A-02-02,A-04-01,PC,OP131,C
0000701436,4500000256,2000,PICK_CONFIRM,06.07.2025 09:57:55,37,HU220063,A-02-02,A-04-01,PC,OP131,C
0000701437,4500000256,2000,PACK_START,06.07.2025 11:34:08,37,HU220063,A-02-02,A-04-01,PC,OP131,C
0000701438,4500000256,2000,PACK_CONFIRM,06.07.2025 12:59:34,37,HU220063,A-02-02,A-04-01,PC,OP131,C
0000701439,4500000256,2000,LOAD,06.07.2025 15:14:17,37,HU220063,A-02-02,A-04-01,PC,OP131,C
0000701440,4500000256,2000,GOODS_ISSUE,06.07.2025 17:37:51,37,HU220063,A-02-02,A-04-01,PC,OP131,C
0000701441,4500000257,4000,PICK_START,23.05.2025 15:00:00,85,HU467645,A-03-05,A-03-04,PC,OP265,C
0000701442,4500000257,4000,PICK_CONFIRM,23.05.2025 20:26:04,85,HU467645,A-03-05,A-03-04,PC,OP265,C
0000701443,4500000257,4000,PACK_START,24.05.2025 01:28:17,85,HU467645,A-03-05,A-03-04,PC,OP265,C
0000701444,4500000257,4000,PACK_CONFIRM,24.05.2025 04:47:21,85,HU467645,A-03-05,A-03-04,PC,OP265,C
0000701445,4500000257,4000,LOAD,24.05.2025 07:51:59,85,HU467645,A-03-05,A-03-04,PC,OP265,C
0000701446,4500000257,4000,GOODS_ISSUE,24.05.2025 09:16:43,85,HU467645,A-03-05,A-03-04,PC,OP265,C
0000701447,4500000258,1000,PICK_START,27.05.2025 06:00:00,310,HU838024,A-05-04,A-03-03,PC,OP101,C
0000701448,4500000258,1000,PICK_CONFIRM,27.05.2025 09:47:18,310,HU838024,A-05-04,A-03-03,PC,OP101,C
0000701449,4500000258,1000,PACK_START,27.05.2025 15:43:17,310,HU838024,A-05-04,A-03-03,PC,OP101,C
0000701450,4500000258,1000,PACK_CONFIRM,27.05.2025 19:39:06,310,HU838024,A-05-04,A-03-03,PC,OP101,C
0000701452,4500000258,1000,GOODS_ISSUE,28.05.2025 01:14:03,310,HU838024,A-05-04,A-03-03,PC,OP101,C
0000701451,4500000258,1000,LOAD,27.05.2025 22:30:31,310,HU838024,A-05-04,A-03-03,PC,OP101,C
0000701453,4500000259,1000,PICK_START,10.06.2025 11:00:00,81,HU492842,A-02-03,A-04-02,PC,OP172,C
0000701454,4500000259,1000,PICK_CONFIRM,10.06.2025 13:25:31,81,HU492842,A-02-03,A-04-02,PC,OP172,C
0000701455,4500000259,1000,PACK_START,10.06.2025 16:05:48,81,HU492842,A-02-03,A-04-02,PC,OP172,C
0000701456,4500000259,1000,PACK_CONFIRM,10.06.2025 19:30:44,81,HU492842,A-02-03,A-04-02,PC,OP172,C
0000701457,4500000259,1000,LOAD,10.06.2025 22:47:14,81,HU492842,A-02-03,A-04-02,PC,OP172,C
0000701458,4500000259,1000,GOODS_ISSUE,10.06.2025 23:52:26,81,HU492842,A-02-03,A-04-02,PC,OP172,C
0000701459,4500000260,1000,PICK_START,05.07.2025 11:00:00,125,HU380608,A-05-02,A-02-04,PC,OP178,C
0000701460,4500000260,1000,PICK_CONFIRM,05.07.2025 13:08:20,125,HU380608,A-05-02,A-02-04,PC,OP178,C
0000701461,4500000260,1000,PACK_START,05.07.2025 16:12:06,125,HU380608,A-05-02,A-02-04,PC,OP178,C
0000701462,4500000260,1000,PACK_CONFIRM,05.07.2025 17:48:06,125,HU380608,A-05-02,A-02-04,PC,OP178,C
0000701463,4500000260,1000,LOAD,05.07.2025 21:28:33,125,HU380608,A-05-02,A-02-04,PC,OP178,C
0000701464,4500000260,1000,GOODS_ISSUE,05.07.2025 22:37:22,125,HU380608,A-05-02,A-02-04,PC,OP178,C
0000701465,4500000261,4000,PICK_START,23.07.2025 15:00:00,196,HU979214,A-03-04,A-05-02,PC,OP161,C
0000701466,4500000261,4000,PICK_CONFIRM,23.07.2025 16:17:53,196,HU979214,A-03-04,A-05-02,PC,OP161,C
0000701467,4500000261,4000,PACK_START,23.07.2025 21:33:23,196,HU979214,A-03-04,A-05-02,PC,OP161,C
0000701468,4500000261,4000,PACK_CONFIRM,23.07.2025 23:55:56,196,HU979214,A-03-04,A-05-02,PC,OP161,C
0000701469,4500000261,4000,LOAD,24.07.2025 01:26:45,196,HU979214,A-03-04,A-05-02,PC,OP161,C
0000701470,4500000261,4000,GOODS_ISSUE,24.07.2025 03:07:58,196,HU979214,A-03-04,A-05-02,PC,OP161,C
0000701471,4500000262,2000,PICK_START,16.07.2025 12:00:00,49,HU104359,A-03-04,A-01-02,PC,OP103,C
0000701472,4500000262,2000,PICK_CONFIRM,16.07.2025 16:40:51,49,HU104359,A-03-04,A-01-02,PC,OP103,C
0000701473,4500000262,2000,PACK_START,16.07.2025 19:19:02,49,HU104359,A-03-04,A-01-02,PC,OP103,C
0000701474,4500000262,2000,PACK_CONFIRM,16.07.2025 22:03:20,49,HU104359,A-03-04,A-01-02,PC,OP103,C
0000701475,4500000262,2000,LOAD,17.07.2025 01:43:52,49,HU104359,A-03-04,A-01-02,PC,OP103,C
0000701476,4500000262,2000,GOODS_ISSUE,17.07.2025 03:54:53,49,HU104359,A-03-04,A-01-02,PC,OP103,C
0000701477,4500000263,1000,PICK_START,09.05.2025 12:00:00,222,HU127521,A-01-05,A-03-02,PC,OP232,C
0000701478,4500000263,1000,PICK_CONFIRM,09.05.2025 17:44:58,222,HU127521,A-01-05,A-03-02,PC,OP232,C
0000701479,4500000263,1000,PACK_START,09.05.2025 20:13:43,222,HU127521,A-01-05,A-03-02,PC,OP232,C
0000701480,4500000263,1000,PACK_CONFIRM,09.05.2025 23:10:17,222,HU127521,A-01-05,A-03-02,PC,OP232,C
0000701481,4500000263,1000,LOAD,10.05.2025 00:26:37,222,HU127521,A-01-05,A-03-02,PC,OP232,C
0000701482,4500000263,1000,GOODS_ISSUE,10.05.2025 02:24:11,222,HU127521,A-01-05,A-03-02,PC,OP232,C
0000701483,4500000264,2000,PICK_START,01.07.2025 12:00:00,365,HU959868,A-05-04,A-04-05,PC,OP181,C
0000701484,4500000264,2000,PICK_CONFIRM,01.07.2025 17:28:01,365,HU959868,A-05-04,A-04-05,PC,OP181,C
0000701485,4500000264,2000,PACK_START,01.07.2025 18:37:50,365,HU959868,A-05-04,A-04-05,PC,OP181,C
0000701486,4500000264,2000,PACK_CONFIRM,01.07.2025 20:54:30,365,HU959868,A-05-04,A-04-05,PC,OP181,C
0000701487,4500000264,2000,LOAD,01.07.2025 22:43:04,365,HU959868,A-05-04,A-04-05,PC,OP181,C
0000701488,4500000264,2000,GOODS_ISSUE,02.07.2025 01:36:36,365,HU959868,A-05-04,A-04-05,PC,OP181,C
0000701489,4500000265,3000,PICK_START,13.05.2025 09:00:00,31,HU451367,A-02-01,A-04-04,PC,OP210,C
0000701490,4500000265,3000,PICK_CONFIRM,13.05.2025 10:41:31,31,HU451367,A-02-01,A-04-04,PC,OP210,C
0000701492,4500000265,3000,PACK_CONFIRM,13.05.2025 17:20:14,31,HU451367,A-02-01,A-04-04,PC,OP210,C
0000701491,4500000265,3000,PACK_START,13.05.2025 14:23:24,31,HU451367,A-02-01,A-04-04,PC,OP210,C
0000701493,4500000265,3000,LOAD,13.05.2025 20:32:58,31,HU451367,A-02-01,A-04-04,PC,OP210,C
0000701494,4500000265,3000,GOODS_ISSUE,13.05.2025 23:03:14,31,HU451367,A-02-01,A-04-04,PC,OP210,C
0000701495,4500000266,4000,PICK_START,09.06.2025 14:00:00,146,HU353578,A-04-03,A-03-03,PC,OP149,C
0000701496,4500000266,4000,PICK_CONFIRM,09.06.2025 18:23:29,146,HU353578,A-04-03,A-03-03,PC,OP149,C
0000701497,4500000266,4000,PACK_START,09.06.2025 20:51:10,146,HU353578,A-04-03,A-03-03,PC,OP149,C
0000701498,4500000266,4000,PACK_CONFIRM,09.06.2025 23:42:56,146,HU353578,A-04-03,A-03-03,PC,OP149,C
0000701499,4500000266,4000,LOAD,10.06.2025 03:06:55,146,HU353578,A-04-03,A-03-03,PC,OP149,C
0000701500,4500000266,4000,GOODS_ISSUE,10.06.2025 06:00:22,146,HU353578,A-04-03,A-03-03,PC,OP149,C
0000701501,4500000267,2000,PICK_START,14.05.2025 09:00:00,152,HU746203,A-05-01,A-03-03,PC,OP113,C
0000701502,4500000267,2000,PICK_CONFIRM,14.05.2025 12:36:12,152,HU746203,A-05-01,A-03-03,PC,OP113,C
0000701503,4500000267,2000,PACK_START,14.05.2025 15:04:09,152,HU746203,A-05-01,A-03-03,PC,OP113,C
0000701504,4500000267,2000,PACK_CONFIRM,14.05.2025 18:58:40,152,HU746203,A-05-01,A-03-03,PC,OP113,C
0000701505,4500000267,2000,LOAD,14.05.2025 21:36:08,152,HU746203,A-05-01,A-03-03,PC,OP113,C
0000701506,4500000267,2000,GOODS_ISSUE,14.05.2025 22:51:58,152,HU746203,A-05-01,A-03-03,PC,OP113,C
0000701507,4500000268,2000,PICK_START,30.05.2025 16:00:00,271,HU940257,A-04-04,A-03-04,PC,OP132,C
0000701508,4500000268,2000,PICK_CONFIRM,30.05.2025 20:29:03,271,HU940257,A-04-04,A-03-04,PC,OP132,C
0000701509,4500000268,2000,PACK_START,30.05.2025 23:42:38,271,HU940257,A-04-04,A-03-04,PC,OP132,C
0000701510,4500000268,2000,PACK_CONFIRM,31.05.2025 01:37:22,271,HU940257,A-04-04,A-03-04,PC,OP132,C
0000701511,4500000268,2000,LOAD,31.05.2025 03:01:07,271,HU940257,A-04-04,A-03-04,PC,OP132,C
0000701512,4500000268,2000,GOODS_ISSUE,31.05.2025 05:35:50,271,HU940257,A-04-04,A-03-04,PC,OP132,C
0000701513,4500000269,3000,PICK_START,11.06.2025 16:00:00,150,HU767181,A-03-03,A-05-04,PC,OP144,C
0000701514,4500000269,3000,PICK_CONFIRM,11.06.2025 20:58:20,150,HU767181,A-03-03,A-05-04,PC,OP144,C
0000701515,4500000269,3000,PACK_START,11.06.2025 22:33:24,150,HU767181,A-03-03,A-05-04,PC,OP144,C
0000701516,4500000269,3000,PACK_CONFIRM,12.06.2025 02:32:17,150,HU767181,A-03-03,A-05-04,PC,OP144,C
0000701517,4500000269,3000,LOAD,12.06.2025 05:15:42,150,HU767181,A-03-03,A-05-04,PC,OP144,C
0000701518,4500000269,3000,GOODS_ISSUE,12.06.2025 07:08:36,150,HU767181,A-03-03,A-05-04,PC,OP144,C
0000701519,4500000270,2000,PICK_START,28.07.2025 13:00:00,195,HU522700,A-03-01,A-04-02,PC,OP140,C
0000701520,4500000270,2000,PICK_CONFIRM,28.07.2025 18:38:20,195,HU522700,A-03-01,A-04-02,PC,OP140,C
0000701521,4500000270,2000,PACK_START,29.07.2025 00:29:23,195,HU522700,A-03-01,A-04-02,PC,OP140,C
0000701522,4500000270,2000,PACK_CONFIRM,29.07.2025 03:07:41,195,HU522700,A-03-01,A-04-02,PC,OP140,C
0000701523,4500000270,2000,LOAD,29.07.2025 05:39:01,195,HU522700,A-03-01,A-04-02,PC,OP140,C
0000701524,4500000270,2000,GOODS_ISSUE,29.07.2025 07:56:41,195,HU522700,A-03-01,A-04-02,PC,OP140,C
0000701525,4500000271,1000,PICK_START,16.07.2025 07:00:00,379,HU558648,A-02-03,A-01-04,PC,OP281,C
0000701526,4500000271,1000,PICK_CONFIRM,16.07.2025 09:37:54,379,HU558648,A-02-03,A-01-04,PC,OP281,C
0000701528,4500000271,1000,PACK_CONFIRM,16.07.2025 14:11:12,379,HU558648,A-02-03,A-01-04,PC,OP281,C
0000701527,4500000271,1000,PACK_START,16.07.2025 11:36:27,379,HU558648,A-02-03,A-01-04,PC,OP281,C
0000701529,4500000271,1000,LOAD,16.07.2025 17:31:50,379,HU558648,A-02-03,A-01-04,PC,OP281,C
0000701530,4500000271,1000,GOODS_ISSUE,16.07.2025 20:03:53,379,HU558648,A-02-03,A-01-04,PC,OP281,C
0000701531,4500000272,4000,PICK_START,09.07.2025 11:00:00,167,HU940089,A-01-05,A-04-02,PC,OP130,C
0000701532,4500000272,4000,PICK_CONFIRM,09.07.2025 13:55:50,167,HU940089,A-01-05,A-04-02,PC,OP130,C
0000701533,4500000272,4000,PACK_CONFIRM,09.07.2025 18:00:00,167,HU940089,A-01-05,A-04-02,PC,OP130,C
0000701534,4500000272,4000,LOAD,09.07.2025 19:55:27,167,HU940089,A-01-05,A-04-02,PC,OP130,C
0000701535,4500000272,4000,GOODS_ISSUE,09.07.2025 21:48:55,167,HU940089,A-01-05,A-04-02,PC,OP130,C
0000701536,4500000273,4000,PICK_START,30.06.2025 07:00:00,378,HU762113,A-04-04,A-03-03,PC,OP295,C
0000701537,4500000273,4000,PICK_CONFIRM,30.06.2025 12:39:56,378,HU762113,A-04-04,A-03-03,PC,OP295,C
0000701538,4500000273,4000,PACK_START,30.06.2025 15:32:40,378,HU762113,A-04-04,A-03-03,PC,OP295,C
0000701539,4500000273,4000,PACK_CONFIRM,30.06.2025 16:33:52,378,HU762113,A-04-04,A-03-03,PC,OP295,C
0000701540,4500000273,4000,LOAD,30.06.2025 19:28:51,378,HU762113,A-04-04,A-03-03,PC,OP295,C
0000701541,4500000273,4000,GOODS_ISSUE,30.06.2025 21:01:39,378,HU762113,A-04-04,A-03-03,PC,OP295,C
0000701542,4500000274,4000,PICK_START,27.05.2025 06:00:00,26,HU757790,A-02-04,A-04-03,PC,OP140,C
0000701543,4500000274,4000,PICK_CONFIRM,27.05.2025 07:46:12,26,HU757790,A-02-04,A-04-03,PC,OP140,C
0000701544,4500000274,4000,PACK_START,27.05.2025 11:58:22,26,HU757790,A-02-04,A-04-03,PC,OP140,C
0000701545,4500000274,4000,PACK_CONFIRM,27.05.2025 14:52:57,26,HU757790,A-02-04,A-04-03,PC,OP140,C
0000701546,4500000274,4000,LOAD,27.05.2025 16:15:18,26,HU757790,A-02-04,A-04-03,PC,OP140,C
0000701547,4500000274,4000,GOODS_ISSUE,27.05.2025 18:35:12,26,HU757790,A-02-04,A-04-03,PC,OP140,C
0000701548,4500000275,3000,PICK_START,09.05.2025 16:00:00,257,HU438065,A-02-02,A-01-03,PC,OP123,C
0000701549,4500000275,3000,PICK_CONFIRM,09.05.2025 19:22:48,257,HU438065,A-02-02,A-01-03,PC,OP123,C
0000701550,4500000275,3000,PACK_START,09.05.2025 20:58:41,257,HU438065,A-02-02,A-01-03,PC,OP123,C
0000701551,4500000275,3000,PACK_CONFIRM,09.05.2025 23:30:56,257,HU438065,A-02-02,A-01-03,PC,OP123,C
0000701552,4500000275,3000,LOAD,10.05.2025 02:14:29,257,HU438065,A-02-02,A-01-03,PC,OP123,C
0000701553,4500000275,3000,GOODS_ISSUE,10.05.2025 04:55:55,257,HU438065,A-02-02,A-01-03,PC,OP123,C
0000701554,4500000276,2000,PICK_START,31.07.2025 16:00:00,32,HU126885,A-03-04,A-01-01,PC,OP260,C
0000701555,4500000276,2000,PICK_CONFIRM,31.07.2025 17:54:58,32,HU126885,A-03-04,A-01-01,PC,OP260,C
0000701556,4500000276,2000,PACK_START,31.07.2025 22:40:45,32,HU126885,A-03-04,A-01-01,PC,OP260,C
0000701557,4500000277,3000,PICK_START,16.05.2025 09:00:00,78,HU907437,A-04-04,A-01-05,PC,OP107,C
0000701558,4500000277,3000,PICK_CONFIRM,16.05.2025 10:46:21,78,HU907437,A-04-04,A-01-05,PC,OP107,C
0000701560,4500000277,3000,PACK_CONFIRM,16.05.2025 16:24:21,78,HU907437,A-04-04,A-01-05,PC,OP107,C
0000701559,4500000277,3000,PACK_START,16.05.2025 12:42:53,78,HU907437,A-04-04,A-01-05,PC,OP107,C
0000701561,4500000277,3000,LOAD,16.05.2025 19:14:46,78,HU907437,A-04-04,A-01-05,PC,OP107,C
0000701562,4500000277,3000,GOODS_ISSUE,16.05.2025 21:54:32,78,HU907437,A-04-04,A-01-05,PC,OP107,C
0000701563,4500000278,1000,PICK_START,27.06.2025 15:00:00,64,HU748124,A-05-03,A-04-03,PC,OP120,C
0000701564,4500000278,1000,PICK_CONFIRM,27.06.2025 18:36:56,64,HU748124,A-05-03,A-04-03,PC,OP120,C
0000701565,4500000278,1000,PACK_START,27.06.2025 20:28:35,64,HU748124,A-05-03,A-04-03,PC,OP120,C
0000701566,4500000278,1000,PACK_CONFIRM,27.06.2025 22:23:26,64,HU748124,A-05-03,A-04-03,PC,OP120,C
0000701567,4500000278,1000,LOAD,28.06.2025 01:37:26,64,HU748124,A-05-03,A-04-03,PC,OP120,C
0000701568,4500000278,1000,GOODS_ISSUE,28.06.2025 02:51:40,64,HU748124,A-05-03,A-04-03,PC,OP120,C
0000701569,4500000279,4000,PICK_START,30.05.2025 07:00:00,358,HU699569,A-03-03,A-01-01,PC,OP290,C
0000701570,4500000279,4000,PICK_CONFIRM,30.05.2025 08:09:50,358,HU699569,A-03-03,A-01-01,PC,OP290,C
0000701571,4500000279,4000,PACK_START,30.05.2025 12:07:47,358,HU699569,A-03-03,A-01-01,PC,OP290,C
0000701572,4500000279,4000,PACK_CONFIRM,30.05.2025 14:32:13,358,HU699569,A-03-03,A-01-01,PC,OP290,C
0000701573,4500000279,4000,LOAD,30.05.2025 18:15:45,358,HU699569,A-03-03,A-01-01,PC,OP290,C
0000701574,4500000279,4000,GOODS_ISSUE,30.05.2025 19:20:57,358,HU699569,A-03-03,A-01-01,PC,OP290,C
0000701575,4500000280,3000,PICK_START,20.07.2025 15:00:00,19,HU869832,A-01-05,A-03-05,PC,OP262,C
0000701576,4500000280,3000,PICK_CONFIRM,20.07.2025 17:12:32,19,HU869832,A-01-05,A-03-05,PC,OP262,C
0000701577,4500000280,3000,PACK_START,20.07.2025 18:42:16,19,HU869832,A-01-05,A-03-05,PC,OP262,C
0000701578,4500000280,3000,PACK_CONFIRM,20.07.2025 21:26:20,19,HU869832,A-01-05,A-03-05,PC,OP262,C
0000701579,4500000280,3000,LOAD,20.07.2025 22:28:51,19,HU869832,A-01-05,A-03-05,PC,OP262,C
0000701580,4500000280,3000,GOODS_ISSUE,20.07.2025 23:54:53,19,HU869832,A-01-05,A-03-05,PC,OP262,C
0000701581,4500000281,4000,PICK_START,16.05.2025 14:00:00,192,HU762177,A-05-05,A-03-02,PC,OP147,C
0000701582,4500000281,4000,PICK_CONFIRM,16.05.2025 16:08:15,192,HU762177,A-05-05,A-03-02,PC,OP147,C
0000701583,4500000281,4000,PACK_START,16.05.2025 22:03:39,192,HU762177,A-05-05,A-03-02,PC,OP147,C
0000701584,4500000281,4000,PACK_CONFIRM,16.05.2025 23:25:54,192,HU762177,A-05-05,A-03-02,PC,OP147,C
0000701585,4500000281,4000,LOAD,17.05.2025 00:45:45,192,HU762177,A-05-05,A-03-02,PC,OP147,C
0000701586,4500000281,4000,GOODS_ISSUE,17.05.2025 02:02:04,192,HU762177,A-05-05,A-03-02,PC,OP147,C
0000701587,4500000282,1000,PICK_START,16.05.2025 12:00:00,202,HU351366,A-05-01,A-02-03,PC,OP176,C
0000701588,4500000282,1000,PICK_CONFIRM,16.05.2025 14:27:10,202,HU351366,A-05-01,A-02-03,PC,OP176,C
0000701589,4500000282,1000,PACK_START,16.05.2025 16:23:48,202,HU351366,A-05-01,A-02-03,PC,OP176,C
0000701590,4500000282,1000,PACK_CONFIRM,16.05.2025 17:36:20,202,HU351366,A-05-01,A-02-03,PC,OP176,C
0000701591,4500000282,1000,LOAD,16.05.2025 21:07:43,202,HU351366,A-05-01,A-02-03,PC,OP176,C
0000701592,4500000282,1000,GOODS_ISSUE,16.05.2025 23:04:48,202,HU351366,A-05-01,A-02-03,PC,OP176,C
0000701593,4500000283,4000,PICK_START,29.07.2025 07:00:00,272,HU303244,A-04-03,A-02-03,PC,OP285,C
0000701594,4500000283,4000,PICK_CONFIRM,29.07.2025 09:49:06,272,HU303244,A-04-03,A-02-03,PC,OP285,C
0000701595,4500000283,4000,PACK_START,29.07.2025 11:49:11,272,HU303244,A-04-03,A-02-03,PC,OP285,C
0000701596,4500000283,4000,PACK_CONFIRM,29.07.2025 15:21:07,272,HU303244,A-04-03,A-02-03,PC,OP285,C
0000701597,4500000283,4000,LOAD,29.07.2025 17:33:53,272,HU303244,A-04-03,A-02-03,PC,OP285,C
0000701598,4500000283,4000,GOODS_ISSUE,29.07.2025 19:01:50,272,HU303244,A-04-03,A-02-03,PC,OP285,C
0000701599,4500000284,4000,PICK_START,25.07.2025 10:00:00,346,HU917919,A-03-03,A-05-05,PC,OP166,C
0000701600,4500000284,4000,PICK_CONFIRM,25.07.2025 13:26:48,346,HU917919,A-03-03,A-05-05,PC,OP166,C
0000701601,4500000284,4000,PACK_START,25.07.2025 19:09:31,346,HU917919,A-03-03,A-05-05,PC,OP166,C
0000701602,4500000284,4000,PACK_CONFIRM,25.07.2025 20:14:52,346,HU917919,A-03-03,A-05-05,PC,OP166,C
0000701603,4500000284,4000,LOAD,25.07.2025 23:27:40,346,HU917919,A-03-03,A-05-05,PC,OP166,C
0000701604,4500000284,4000,GOODS_ISSUE,26.07.2025 02:07:18,346,HU917919,A-03-03,A-05-05,PC,OP166,C
0000701605,4500000285,1000,PICK_START,24.05.2025 14:00:00,394,HU791281,A-01-02,A-02-04,PC,OP121,C
0000701606,4500000285,1000,PICK_CONFIRM,24.05.2025 16:18:29,394,HU791281,A-01-02,A-02-04,PC,OP121,C
0000701607,4500000285,1000,PACK_START,24.05.2025 21:36:24,394,HU791281,A-01-02,A-02-04,PC,OP121,C
0000701608,4500000285,1000,PACK_CONFIRM,25.05.2025 00:14:47,394,HU791281,A-01-02,A-02-04,PC,OP121,C
0000701609,4500000285,1000,LOAD,25.05.2025 04:06:15,394,HU791281,A-01-02,A-02-04,PC,OP121,C
0000701610,4500000285,1000,GOODS_ISSUE,25.05.2025 05:10:02,394,HU791281,A-01-02,A-02-04,PC,OP121,C
0000701611,4500000286,1000,PICK_START,22.06.2025 12:00:00,21,HU250753,A-05-01,A-01-01,PC,OP263,C
0000701612,4500000286,1000,PICK_CONFIRM,22.06.2025 15:26:14,21,HU250753,A-05-01,A-01-01,PC,OP263,C
0000701613,4500000286,1000,PACK_START,22.06.2025 19:48:44,21,HU250753,A-05-01,A-01-01,PC,OP263,C
0000701614,4500000286,1000,PACK_CONFIRM,22.06.2025 22:47:33,21,HU250753,A-05-01,A-01-01,PC,OP263,C
0000701615,4500000286,1000,LOAD,23.06.2025 01:50:55,21,HU250753,A-05-01,A-01-01,PC,OP263,C
0000701616,4500000286,1000,GOODS_ISSUE,23.06.2025 03:59:35,21,HU250753,A-05-01,A-01-01,PC,OP263,C
0000701617,4500000287,4000,PICK_START,07.06.2025 11:00:00,320,HU707497,A-01-04,A-01-04,PC,OP217,C
0000701618,4500000287,4000,PICK_CONFIRM,07.06.2025 16:02:51,320,HU707497,A-01-04,A-01-04,PC,OP217,C
0000701619,4500000287,4000,PACK_START,07.06.2025 20:52:25,320,HU707497,A-01-04,A-01-04,PC,OP217,C
0000701620,4500000287,4000,PACK_CONFIRM,07.06.2025 23:44:57,320,HU707497,A-01-04,A-01-04,PC,OP217,C
0000701621,4500000287,4000,LOAD,08.06.2025 01:53:27,320,HU707497,A-01-04,A-01-04,PC,OP217,C
0000701622,4500000287,4000,GOODS_ISSUE,08.06.2025 03:44:49,320,HU707497,A-01-04,A-01-04,PC,OP217,C
0000701623,4500000288,3000,PICK_START,05.06.2025 06:00:00,308,HU724840,A-01-04,A-01-04,PC,OP136,C
0000701624,4500000288,3000,PICK_CONFIRM,05.06.2025 09:18:16,308,HU724840,A-01-04,A-01-04,PC,OP136,C
0000701625,4500000288,3000,PACK_START,05.06.2025 13:08:41,308,HU724840,A-01-04,A-01-04,PC,OP136,C
0000701626,4500000288,3000,PACK_CONFIRM,05.06.2025 16:50:56,308,HU724840,A-01-04,A-01-04,PC,OP136,C
0000701627,4500000288,3000,LOAD,05.06.2025 18:38:55,308,HU724840,A-01-04,A-01-04,PC,OP136,C
0000701628,4500000288,3000,GOODS_ISSUE,05.06.2025 21:02:26,308,HU724840,A-01-04,A-01-04,PC,OP136,C
0000701629,4500000289,4000,PICK_START,16.06.2025 10:00:00,56,HU396183,A-02-04,A-02-01,PC,OP123,C
0000701630,4500000289,4000,PICK_CONFIRM,16.06.2025 12:49:00,56,HU396183,A-02-04,A-02-01,PC,OP123,C
0000701631,4500000289,4000,PACK_START,16.06.2025 16:18:05,56,HU396183,A-02-04,A-02-01,PC,OP123,C
0000701632,4500000289,4000,PACK_CONFIRM,16.06.2025 19:50:36,56,HU396183,A-02-04,A-02-01,PC,OP123,C
0000701633,4500000289,4000,LOAD,16.06.2025 23:12:17,56,HU396183,A-02-04,A-02-01,PC,OP123,C
0000701634,4500000289,4000,GOODS_ISSUE,17.06.2025 01:53:08,56,HU396183,A-02-04,A-02-01,PC,OP123,C
0000701635,4500000290,2000,PICK_START,18.07.2025 13:00:00,324,HU181140,A-04-01,A-03-02,PC,OP153,C
0000701636,4500000290,2000,PICK_CONFIRM,18.07.2025 16:08:07,324,HU181140,A-04-01,A-03-02,PC,OP153,C
0000701637,4500000290,2000,PACK_START,18.07.2025 17:31:07,324,HU181140,A-04-01,A-03-02,PC,OP153,C
0000701638,4500000290,2000,PACK_CONFIRM,18.07.2025 20:59:24,324,HU181140,A-04-01,A-03-02,PC,OP153,C
0000701639,4500000290,2000,LOAD,18.07.2025 23:30:14,324,HU181140,A-04-01,A-03-02,PC,OP153,C
0000701640,4500000290,2000,GOODS_ISSUE,19.07.2025 01:06:13,324,HU181140,A-04-01,A-03-02,PC,OP153,C
0000701641,4500000291,4000,PICK_START,06.06.2025 09:00:00,348,HU509783,A-01-04,A-04-01,PC,OP105,C
0000701642,4500000291,4000,PICK_CONFIRM,06.06.2025 13:18:14,348,HU509783,A-01-04,A-04-01,PC,OP105,C
0000701643,4500000291,4000,PACK_START,06.06.2025 18:59:40,348,HU509783,A-01-04,A-04-01,PC,OP105,C
0000701644,4500000291,4000,PACK_CONFIRM,06.06.2025 20:47:54,348,HU509783,A-01-04,A-04-01,PC,OP105,C
0000701645,4500000291,4000,LOAD,06.06.2025 23:42:43,348,HU509783,A-01-04,A-04-01,PC,OP105,C
0000701646,4500000291,4000,GOODS_ISSUE,07.06.2025 02:19:47,348,HU509783,A-01-04,A-04-01,PC,OP105,C
0000701647,4500000292,4000,PICK_START,11.07.2025 09:00:00,80,HU533843,A-01-03,A-04-01,PC,OP260,C
0000701648,4500000292,4000,PICK_CONFIRM,11.07.2025 14:13:47,80,HU533843,A-01-03,A-04-01,PC,OP260,C
0000701649,4500000292,4000,PACK_START,11.07.2025 16:39:54,80,HU533843,A-01-03,A-04-01,PC,OP260,C
0000701650,4500000292,4000,PACK_CONFIRM,11.07.2025 18:08:48,80,HU533843,A-01-03,A-04-01,PC,OP260,C
0000701651,4500000292,4000,LOAD,11.07.2025 21:12:26,80,HU533843,A-01-03,A-04-01,PC,OP260,C
0000701652,4500000292,4000,GOODS_ISSUE,11.07.2025 22:40:46,80,HU533843,A-01-03,A-04-01,PC,OP260,C
0000701653,4500000293,4000,PICK_START,14.06.2025 14:00:00,221,HU180019,A-02-02,A-05-02,PC,OP207,C
0000701654,4500000293,4000,PICK_CONFIRM,14.06.2025 15:52:47,221,HU180019,A-02-02,A-05-02,PC,OP207,C
0000701655,4500000293,4000,PACK_START,14.06.2025 21:41:55,221,HU180019,A-02-02,A-05-02,PC,OP207,C
0000701656,4500000293,4000,PACK_CONFIRM,15.06.2025 00:09:22,221,HU180019,A-02-02,A-05-02,PC,OP207,C
0000701658,4500000293,4000,GOODS_ISSUE,15.06.2025 03:56:07,221,HU180019,A-02-02,A-05-02,PC,OP207,C
0000701657,4500000293,4000,LOAD,15.06.2025 01:12:58,221,HU180019,A-02-02,A-05-02,PC,OP207,C
0000701659,4500000294,2000,PICK_START,19.06.2025 09:00:00,125,HU493482,A-03-01,A-05-01,PC,OP215,C
0000701660,4500000294,2000,PICK_CONFIRM,19.06.2025 12:59:56,125,HU493482,A-03-01,A-05-01,PC,OP215,C
0000701661,4500000294,2000,PACK_START,19.06.2025 15:33:58,125,HU493482,A-03-01,A-05-01,PC,OP215,C
0000701662,4500000294,2000,PACK_CONFIRM,19.06.2025 19:03:47,125,HU493482,A-03-01,A-05-01,PC,OP215,C
0000701663,4500000294,2000,LOAD,19.06.2025 22:16:29,125,HU493482,A-03-01,A-05-01,PC,OP215,C
0000701664,4500000294,2000,GOODS_ISSUE,20.06.2025 00:53:11,125,HU493482,A-03-01,A-05-01,PC,OP215,C
0000701665,4500000295,4000,PICK_START,28.05.2025 12:00:00,214,HU947825,A-02-01,A-02-01,PC,OP176,C
0000701666,4500000295,4000,PICK_CONFIRM,28.05.2025 15:22:27,214,HU947825,A-02-01,A-02-01,PC,OP176,C
0000701667,4500000295,4000,PACK_START,28.05.2025 17:45:46,214,HU947825,A-02-01,A-02-01,PC,OP176,C
0000701668,4500000295,4000,PACK_CONFIRM,28.05.2025 21:06:56,214,HU947825,A-02-01,A-02-01,PC,OP176,C
0000701669,4500000295,4000,LOAD,28.05.2025 22:33:01,214,HU947825,A-02-01,A-02-01,PC,OP176,C
0000701670,4500000295,4000,GOODS_ISSUE,29.05.2025 00:30:03,214,HU947825,A-02-01,A-02-01,PC,OP176,C
0000701671,4500000296,2000,PICK_START,28.07.2025 06:00:00,134,HU110632,A-02-01,A-05-02,PC,OP245,C
0000701672,4500000296,2000,PICK_CONFIRM,28.07.2025 11:32:56,134,HU110632,A-02-01,A-05-02,PC,OP245,C
0000701673,4500000296,2000,PACK_START,28.07.2025 17:26:20,134,HU110632,A-02-01,A-05-02,PC,OP245,C
0000701674,4500000296,2000,PACK_CONFIRM,28.07.2025 19:12:19,134,HU110632,A-02-01,A-05-02,PC,OP245,C
0000701675,4500000296,2000,LOAD,28.07.2025 20:28:34,134,HU110632,A-02-01,A-05-02,PC,OP245,C
0000701676,4500000296,2000,GOODS_ISSUE,28.07.2025 23:07:18,134,HU110632,A-02-01,A-05-02,PC,OP245,C
0000701677,4500000297,1000,PICK_START,25.07.2025 08:00:00,145,HU761875,A-04-05,A-01-02,PC,OP130,C
0000701678,4500000297,1000,PICK_CONFIRM,25.07.2025 12:29:32,145,HU761875,A-04-05,A-01-02,PC,OP130,C
0000701679,4500000297,1000,PACK_START,25.07.2025 15:15:06,145,HU761875,A-04-05,A-01-02,PC,OP130,C
0000701680,4500000297,1000,PACK_CONFIRM,25.07.2025 18:03:28,145,HU761875,A-04-05,A-01-02,PC,OP130,C
0000701681,4500000297,1000,LOAD,25.07.2025 21:29:53,145,HU761875,A-04-05,A-01-02,PC,OP130,C
0000701682,4500000297,1000,GOODS_ISSUE,25.07.2025 23:58:26,145,HU761875,A-04-05,A-01-02,PC,OP130,C
0000701683,4500000298,2000,PICK_START,25.07.2025 16:00:00,6,HU459462,A-03-02,A-04-01,PC,OP257,C
0000701684,4500000298,2000,PICK_CONFIRM,25.07.2025 20:48:56,6,HU459462,A-03-02,A-04-01,PC,OP257,C
0000701685,4500000298,2000,PACK_START,26.07.2025 01:14:40,6,HU459462,A-03-02,A-04-01,PC,OP257,C
0000701686,4500000298,2000,PACK_CONFIRM,26.07.2025 04:37:21,6,HU459462,A-03-02,A-04-01,PC,OP257,C
0000701687,4500000298,2000,LOAD,26.07.2025 06:34:50,6,HU459462,A-03-02,A-04-01,PC,OP257,C
0000701688,4500000298,2000,GOODS_ISSUE,26.07.2025 08:32:14,6,HU459462,A-03-02,A-04-01,PC,OP257,C
0000701689,4500000299,4000,PICK_START,10.06.2025 09:00:00,193,HU729138,A-04-03,A-01-01,PC,OP140,C
0000701690,4500000299,4000,PICK_CONFIRM,10.06.2025 11:18:32,193,HU729138,A-04-03,A-01-01,PC,OP140,C
0000701691,4500000299,4000,PACK_START,10.06.2025 12:33:28,193,HU729138,A-04-03,A-01-01,PC,OP140,C
0000701692,4500000299,4000,PACK_CONFIRM,10.06.2025 15:24:42,193,HU729138,A-04-03,A-01-01,PC,OP140,C
0000701693,4500000299,4000,LOAD,10.06.2025 18:12:46,193,HU729138,A-04-03,A-01-01,PC,OP140,C
0000701694,4500000299,4000,GOODS_ISSUE,10.06.2025 19:30:41,193,HU729138,A-04-03,A-01-01,PC,OP140,C
0000701695,4500000300,4000,PICK_START,12.07.2025 13:00:00,349,HU647093,A-05-04,A-02-04,PC,OP131,C
0000701696,4500000300,4000,PICK_CONFIRM,12.07.2025 15:54:37,349,HU647093,A-05-04,A-02-04,PC,OP131,C
0000701697,4500000300,4000,PACK_START,12.07.2025 17:56:36,349,HU647093,A-05-04,A-02-04,PC,OP131,C
0000701698,4500000300,4000,PACK_CONFIRM,12.07.2025 19:35:24,349,HU647093,A-05-04,A-02-04,PC,OP131,C
0000701699,4500000300,4000,LOAD,12.07.2025 23:03:44,349,HU647093,A-05-04,A-02-04,PC,OP131,C
0000701700,4500000300,4000,GOODS_ISSUE,13.07.2025 01:30:56,349,HU647093,A-05-04,A-02-04,PC,OP131,C
